title,author,rating,genres,pages,ratings_count
Harry Potter and the Order of the Phoenix,"J.K. Rowling, Mary GrandPré, J.K. Rowling",4.5,"Fantasy, Young Adult, Fiction, Magic, Audiobook, Childrens, Adventure, Middle Grade, Classics, Science Fiction Fantasy",912,3648248
Pride and Prejudice,"Jane Austen, Anna Quindlen, Jane Austen, Natalie Jenner",4.29,"Classics, Romance, Fiction, Historical Fiction, Historical, Literature, Audiobook, Novels, Historical Romance, Classic Literature",279,4560030
To Kill a Mockingbird,"Harper Lee, Harper Lee",4.26,"Historical Fiction, School, Literature, Young Adult, Historical, Read For School, Novels, Book Club, High School, Coming Of Age",323,6606121
The Book Thief,"Markus Zusak, Markus Zusak",4.39,"Historical Fiction, Fiction, Young Adult, Classics, Historical, Book Club, War, World War II, Holocaust, Audiobook",592,2769466
Twilight,"Stephenie Meyer, Stephenie Meyer",3.67,"Fantasy, Young Adult, Romance, Fiction, Vampires, Paranormal, Paranormal Romance, Supernatural, Urban Fantasy, Teen",498,7052742
Animal Farm,"George Orwell, Russell Baker, C.M. Woodhouse, George Orwell",4.0,"Classics, Fiction, Dystopia, Fantasy, School, Politics, Literature, Science Fiction, Novels, Audiobook",141,4279341
J.R.R. Tolkien 4-Book Boxed Set: The Hobbit and The Lord of the Rings,"J.R.R. Tolkien, J.R.R. Tolkien",4.61,"Fantasy, Fiction, Classics, Adventure, Science Fiction Fantasy, Epic Fantasy, High Fantasy, Literature, Young Adult, Magic",1728,140414
The Chronicles of Narnia,"C.S. Lewis, Pauline Baynes, C.S. Lewis",4.28,"Fantasy, Classics, Fiction, Young Adult, Childrens, Christian, Middle Grade, Christian Fiction, Science Fiction Fantasy, Magic",767,690216
The Picture of Dorian Gray,"Oscar Wilde, Jeffrey Eugenides, Oscar Wilde",4.13,"Classics, Fiction, Horror, Gothic, Fantasy, Literature, Dark Academia, Novels, Audiobook, LGBT",272,1746222
The Giving Tree,"Shel Silverstein, Shel Silverstein",4.38,"Childrens, Classics, Fiction, Picture Books, Poetry, Young Adult, Fantasy, Juvenile, Short Stories, Kids",64,1198578
Wuthering Heights,"Emily Brontë, Richard J. Dunn, Charlotte Brontë, Emily Brontë",3.9,"Fiction, Gothic, Historical Fiction, Literature, Historical, Novels, 19th Century, Classic Literature, Audiobook, School",464,1936156
The Lightning Thief,"Rick Riordan, Rick Riordan",4.31,"Fantasy, Young Adult, Mythology, Fiction, Middle Grade, Adventure, Greek Mythology, Childrens, Audiobook, Urban Fantasy",377,3293552
Gone with the Wind,"Margaret Mitchell, Margaret Mitchell",4.31,"Classics, Historical Fiction, Fiction, Romance, Historical, Literature, War, Civil War, Historical Romance, Novels",1037,1252428
The Perks of Being a Wallflower,"Stephen Chbosky, Stephen Chbosky",4.23,"Young Adult, Fiction, Classics, Coming Of Age, Romance, Mental Health, Realistic Fiction, LGBT, Book Club, Teen",213,1924938
The Little Prince,"Antoine de Saint-Exupéry, Richard Howard, Antoine de Saint-Exupéry",4.33,"Classics, Fiction, Fantasy, Childrens, France, Philosophy, Young Adult, Literature, Middle Grade, French Literature",96,2332648
Jane Eyre,"Charlotte Brontë, Michael Mason, Charlotte Brontë",4.15,"Classics, Fiction, Romance, Gothic, Historical Fiction, Literature, Historical, Audiobook, School, Classic Literature",532,2234338
The Great Gatsby,"F. Scott Fitzgerald, F. Scott Fitzgerald",3.93,"Classics, Fiction, School, Historical Fiction, Romance, Literature, Novels, Read For School, High School, Book Club",180,5654177
Crime and Punishment,"Fyodor Dostoevsky, David McDuff, Joseph Frank, Fyodor Dostoevsky",4.28,"Fiction, Russia, Russian Literature, Literature, Philosophy, Novels, Crime, 19th Century, Classic Literature, School",671,1004849
The da Vinci Code,"Dan Brown, Dan Brown",3.93,"Fiction, Mystery, Thriller, Mystery Thriller, Historical Fiction, Suspense, Adventure, Crime, Novels, Adult",489,2457475
Alice’s Adventures in Wonderland / Through the Looking-Glass,"Lewis Carroll, Martin Gardner, John Tenniel, Lewis Carroll",4.06,"Classics, Fantasy, Fiction, Childrens, Young Adult, Literature, Adventure, Middle Grade, Novels, 19th Century",239,592474
Memoirs of a Geisha,"Arthur Golden, Arthur Golden",4.16,"Fiction, Historical Fiction, Romance, Historical, Book Club, Adult, Novels, Asia, Contemporary, Adult Fiction",503,2070300
Les Misérables,"Victor Hugo, Norman MacAfee, Charles E. Wilbour, Victor Hugo",4.21,"Fiction, Historical Fiction, Literature, France, Historical, Novels, French Literature, Romance, Classic Literature, 19th Century",1463,827023
The Alchemist,"Paulo Coelho, Alan R. Clarke, Paulo Coelho",3.92,"Fiction, Fantasy, Philosophy, Self Help, Book Club, Novels, Spirituality, Audiobook, Adventure, Literature",197,3375259
Anne of Green Gables,"L.M. Montgomery, Jennifer Lee Carrell, L.M. Montgomery",4.32,"Classics, Fiction, Young Adult, Historical Fiction, Childrens, Middle Grade, Audiobook, Historical, Canada, Coming Of Age",320,1065122
Lord of the Flies,"William Golding, William Golding",3.7,"Fiction, Classics, Young Adult, School, Dystopia, Literature, Read For School, Novels, High School, Adventure",182,3086396
Romeo and Juliet,"William Shakespeare, William Shakespeare",3.74,"Classics, Plays, Fiction, School, Read For School, Literature, High School, Poetry, Tragedy, Classic Literature",281,2741776
The Hitchhiker’s Guide to the Galaxy,"Douglas Adams, Douglas Adams",4.22,"Science Fiction, Fiction, Humor, Fantasy, Comedy, Audiobook, Science Fiction Fantasy, Adventure, Novels, Book Club",216,1951286
City of Bones,"Cassandra Clare, Cassandra Clare",4.07,"Fantasy, Young Adult, Romance, Paranormal, Urban Fantasy, Fiction, Vampires, Supernatural, Young Adult Fantasy, Magic",485,2111307
Dracula,"Bram Stoker, Rubén Toledo, Nina Auerbach, Bram Stoker",4.02,"Classics, Horror, Fiction, Fantasy, Gothic, Vampires, Audiobook, Paranormal, Literature, Novels",488,1395653
Charlotte’s Web,"E.B. White, Garth Williams, Rosemary Wells, E.B. White",4.21,"Classics, Fiction, Childrens, Fantasy, Young Adult, Middle Grade, Animals, School, Chapter Books, Juvenile",184,1972239
Brave New World,"Aldous Huxley, Aldous Huxley",3.99,"Fiction, Science Fiction, Dystopia, Literature, Novels, School, Audiobook, Philosophy, Fantasy, Book Club",268,1989043
Ender’s Game,"Orson Scott Card, Orson Scott Card",4.31,"Science Fiction, Fiction, Young Adult, Fantasy, Classics, Science Fiction Fantasy, Dystopia, Audiobook, Book Club, War",324,1439304
Of Mice and Men,"John Steinbeck, John Steinbeck",3.89,"Fiction, School, Historical Fiction, Literature, Read For School, Novels, High School, American, Historical, Banned Books",107,2720432
The Catcher in the Rye,"J.D. Salinger, J.D. Salinger",3.8,"Classics, Fiction, Young Adult, Literature, School, Coming Of Age, Novels, High School, American, Banned Books",277,3761667
One Hundred Years of Solitude,"Gabriel García Márquez, Gregory Rabassa, Gabriel García Márquez",4.12,"Fiction, Magical Realism, Fantasy, Literature, Historical Fiction, Novels, Book Club, Spanish Literature, Literary Fiction, Unfinished",417,1055124
A Thousand Splendid Suns,"Khaled Hosseini, Khaled Hosseini",4.45,"Fiction, Historical Fiction, Book Club, Contemporary, Historical, Classics, Novels, War, Literary Fiction, Adult",372,1657872
Little Women,"Louisa May Alcott, Regina Barreca, Grzegorz Komerski, Louisa May Alcott",4.16,"Classics, Fiction, Historical Fiction, Young Adult, Romance, Historical, Literature, Book Club, Audiobook, Childrens",449,2365060
The Outsiders,"S.E. Hinton, S.E. Hinton",4.14,"Classics, Young Adult, Fiction, School, Read For School, Coming Of Age, Realistic Fiction, Historical Fiction, Contemporary, Childrens",208,1508180
The Princess Bride,"William Goldman, William Goldman",4.27,"Fantasy, Fiction, Romance, Humor, Adventure, Young Adult, Classics, Book Club, Comedy, Science Fiction Fantasy",429,929744
The Secret Garden,"Frances Hodgson Burnett, Frances Hodgson Burnett",4.16,"Fiction, Classics, Childrens, Young Adult, Historical Fiction, Middle Grade, Audiobook, Fantasy, Historical, Literature",331,1248074
A Game of Thrones,"George R.R. Martin, George R.R. Martin",4.45,"Fantasy, Fiction, Epic Fantasy, High Fantasy, Adult, Audiobook, Science Fiction Fantasy, Adventure, Dragons, Novels",835,2648662
Harry Potter and the Deathly Hallows,"J.K. Rowling, J.K. Rowling",4.62,"Young Adult, Fiction, Magic, Childrens, Audiobook, Adventure, Middle Grade, Classics, Science Fiction Fantasy, Young Adult Fantasy",759,3969784
The Odyssey,"Homer, Robert Fagles, Bernard Knox, Homer",3.82,"Fiction, Poetry, Mythology, Fantasy, School, Literature, Adventure, Greek Mythology, Read For School, Historical Fiction",541,1144351
The Kite Runner,"Khaled Hosseini, Khaled Hosseini",4.35,"Fiction, Historical Fiction, Classics, Contemporary, Book Club, Novels, Historical, School, Literature, Adult",371,3362336
The Giver,"Lois Lowry, Lois Lowry",4.12,"Young Adult, Fiction, Classics, Dystopia, Science Fiction, Fantasy, School, Middle Grade, Childrens, Book Club",208,2699852
The Handmaid’s Tale,"Margaret Atwood, Margaret Atwood",4.15,"Fiction, Classics, Dystopia, Science Fiction, Feminism, Book Club, Fantasy, Audiobook, Adult, Literature",311,2270349
Harry Potter and the Prisoner of Azkaban,"J.K. Rowling, Mary GrandPré, J.K. Rowling",4.58,"Fantasy, Fiction, Young Adult, Magic, Childrens, Audiobook, Middle Grade, Adventure, Classics, Science Fiction Fantasy",435,4611867
Where the Wild Things Are,"Maurice Sendak, Maurice Sendak",4.25,"Picture Books, Childrens, Fiction, Classics, Fantasy, Adventure, Young Adult, Animals, Kids, Monsters",38,1038037
Green Eggs and Ham,"Dr. Seuss, Dr. Seuss",4.31,"Childrens, Picture Books, Classics, Fiction, Poetry, Fantasy, Humor, Kids, Food, Young Adult",64,822505
The Adventures of Huckleberry Finn,"Mark Twain, Guy Cardwell, E.W. Kemble, Mark Twain",3.83,"Classics, Fiction, Historical Fiction, Literature, Adventure, Young Adult, School, Novels, American, High School",327,1310127
Life of Pi,"Yann Martel, Yann Martel",3.94,"Fiction, Fantasy, Classics, Book Club, Adventure, Magical Realism, Novels, Literature, Philosophy, Literary Fiction",460,1710903
Lolita,"Vladimir Nabokov, Craig Raine, Vladimir Nabokov",3.87,"Classics, Fiction, Literature, Russia, Novels, Romance, Russian Literature, Literary Fiction, Book Club, Audiobook",368,907302
A Tale of Two Cities,"Charles Dickens, Richard Maxwell, Charles Dickens",3.87,"Fiction, Historical Fiction, Literature, Historical, School, Novels, Classic Literature, 19th Century, Audiobook, British Literature",489,990203
Slaughterhouse-Five,"Kurt Vonnegut Jr., Kurt Vonnegut Jr.",4.1,"Classics, Fiction, Science Fiction, Historical Fiction, War, Literature, Novels, Time Travel, Fantasy, American",275,1437421
Water for Elephants,"Sara Gruen, Sara Gruen",4.11,"Fiction, Historical Fiction, Romance, Book Club, Historical, Adult, Adult Fiction, Contemporary, Audiobook, Novels",368,1672211
The Bell Jar,"Sylvia Plath, Sylvia Plath",4.06,"Classics, Fiction, Feminism, Mental Health, Psychology, Literary Fiction, Literature, Book Club, Novels, Poetry",294,1121171
Matilda,"Roald Dahl, Quentin Blake, Roald Dahl",4.33,"Fiction, Childrens, Classics, Fantasy, Middle Grade, Young Adult, Humor, Audiobook, Magic, School",240,1052542
The Girl With the Dragon Tattoo,"Stieg Larsson, Reg Keeland, Stieg Larsson",4.17,"Fiction, Mystery, Thriller, Crime, Mystery Thriller, Book Club, Suspense, Contemporary, Audiobook, Adult",480,3350666
The Stand,"Stephen King, Bernie Wrightson, Stephen King",4.35,"Horror, Fiction, Fantasy, Science Fiction, Post Apocalyptic, Thriller, Dystopia, Audiobook, Classics, Apocalyptic",1152,806250
Catch-22,"Joseph Heller, Joseph Heller",3.99,"Classics, Fiction, Historical Fiction, War, Humor, Literature, Novels, Book Club, Historical, American",453,866792
The Adventures of Sherlock Holmes,"Arthur Conan Doyle, Arthur Conan Doyle",4.3,"Classics, Mystery, Fiction, Short Stories, Crime, Detective, Audiobook, Mystery Thriller, Literature, Historical Fiction",389,318007
The Pillars of the Earth,"Ken Follett, Ken Follett",4.35,"Historical Fiction, Fiction, Historical, Fantasy, Classics, Audiobook, Medieval, Book Club, Novels, British Literature",976,802210
Watership Down,"Richard Adams, Richard Adams",4.09,"Classics, Fiction, Fantasy, Young Adult, Animals, Adventure, Childrens, Audiobook, Literature, Novels",478,496316
Great Expectations,"Charles Dickens, Kate Flint, Margaret Cardwell, Charles Dickens",3.8,"Classics, Fiction, Literature, Historical Fiction, School, Novels, Classic Literature, 19th Century, Victorian, British Literature",544,850586
Outlander,"Diana Gabaldon, Diana Gabaldon",4.26,"Historical Fiction, Romance, Fantasy, Fiction, Time Travel, Historical, Historical Romance, Audiobook, Adult, Scotland",850,1123066
One Flew Over the Cuckoo’s Nest,"Ken Kesey, Ken Kesey",4.2,"Classics, Fiction, Psychology, Literature, Novels, Mental Health, School, Book Club, Banned Books, Literary Fiction",325,762202
My Sister’s Keeper,"Jodi Picoult, Jodi Picoult",4.11,"Fiction, Book Club, Chick Lit, Young Adult, Drama, Adult, Adult Fiction, Realistic Fiction, Contemporary, Family",423,1258298
The Brothers Karamazov,"Fyodor Dostoevsky, Richard Pevear, Larissa Volokhonsky, Fyodor Dostoevsky",4.38,"Fiction, Russia, Classics, Russian Literature, Literature, Philosophy, Novels, 19th Century, Classic Literature, Religion",796,363072
A Tree Grows in Brooklyn,"Betty Smith, Betty Smith",4.3,"Fiction, Historical Fiction, Book Club, Classics, Young Adult, Coming Of Age, Historical, New York, Audiobook, Literature",496,492861
To Kill a Mockingbird,"Harper Lee, Harper Lee",4.26,"Historical Fiction, School, Literature, Young Adult, Historical, Read For School, Novels, Book Club, High School, Coming Of Age",323,6606121
The Road,"Cormac McCarthy, Cormac McCarthy",4.0,"Fiction, Science Fiction, Dystopia, Post Apocalyptic, Classics, Horror, Book Club, Literature, Novels, Audiobook",241,985787
The Golden Compass,"Philip Pullman, Philip Pullman",4.03,"Fantasy, Young Adult, Fiction, Childrens, Adventure, Middle Grade, Audiobook, Science Fiction, Steampunk, Science Fiction Fantasy",399,1585290
Vampire Academy,"Richelle Mead, Richelle Mead",4.1,"Fantasy, Young Adult, Vampires, Paranormal, Romance, Urban Fantasy, Fiction, Supernatural, Paranormal Romance, Magic",332,670190
Siddhartha,"Hermann Hesse, Hilda Rosner, Zigmantas Ardickas, Hermann Hesse",4.08,"Classics, Fiction, Philosophy, Spirituality, Religion, Literature, Buddhism, German Literature, Novels, Historical Fiction",152,835752
Angela’s Ashes,"Frank McCourt, Frank McCourt",4.15,"Nonfiction, Memoir, Biography, Classics, Ireland, Autobiography, Biography Memoir, History, Irish Literature, Book Club",452,647814
Don Quixote,"Miguel de Cervantes Saavedra, Roberto González Echevarría, John Rutherford, Miguel de Cervantes Saavedra",3.9,"Fiction, Classics, Literature, Spanish Literature, Adventure, Historical Fiction, Novels, Spain, Humor, Classic Literature",1023,293676
The Old Man and the Sea,"Ernest Hemingway, Ernest Hemingway",3.81,"Classics, Fiction, Literature, Novels, School, American, Adventure, Literary Fiction, Classic Literature, Audiobook",96,1247791
The Poisonwood Bible,"Barbara Kingsolver, Barbara Kingsolver",4.11,"Fiction, Historical Fiction, Africa, Book Club, Classics, Literary Fiction, Historical, Literature, Novels, Adult Fiction",546,773578
And Then There Were None,"Agatha Christie, Agatha Christie",4.28,"Mystery, Fiction, Thriller, Crime, Mystery Thriller, Book Club, Classics, Audiobook, Adult, Suspense",264,1516321
The Complete Stories and Poems,"Edgar Allan Poe, Edgar Allan Poe",4.4,"Classics, Poetry, Horror, Fiction, Short Stories, Gothic, Mystery, Literature, Fantasy, Classic Literature",821,289437
Interview with the Vampire,"Anne Rice, Anne Rice",4.02,"Horror, Fantasy, Fiction, Vampires, Paranormal, Classics, Gothic, Supernatural, Historical Fiction, Urban Fantasy",346,628121
Atlas Shrugged,"Ayn Rand, Leonard Peikoff, Ayn Rand",3.69,"Fiction, Classics, Philosophy, Politics, Literature, Science Fiction, Novels, Dystopia, Economics, Audiobook",1168,401060
Winnie-the-Pooh,"A.A. Milne, Ernest H. Shepard, A.A. Milne",4.38,"Classics, Childrens, Fiction, Fantasy, Animals, Audiobook, Middle Grade, Picture Books, Young Adult, Short Stories",161,387349
Fahrenheit 451,"Ray Bradbury, Ray Bradbury",3.97,"Classics, Fiction, Science Fiction, Dystopia, School, Literature, Novels, Audiobook, Fantasy, Book Club",158,2668129
The Shining,"Stephen King, Stephen King",4.28,"Horror, Fiction, Thriller, Classics, Fantasy, Paranormal, Mystery, Audiobook, Suspense, Adult",497,1630715
"Moby-Dick or, The Whale","Herman Melville, Andrew Delbanco, Tom Quirk, Herman Melville",3.56,"Classics, Fiction, Literature, Adventure, Historical Fiction, Novels, American, Audiobook, 19th Century, Classic Literature",720,596912
A Prayer for Owen Meany,"John Irving, John Irving",4.24,"Fiction, Classics, Book Club, Contemporary, Literature, Literary Fiction, Historical Fiction, Novels, Coming Of Age, Adult Fiction",637,330481
The Stranger,"Albert Camus, Matthew Ward, Albert Camus",4.03,"Literature, French Literature, School, Novels, Literary Fiction, 20th Century, Read For School, Classic Literature, Modern Classics, Book Club",123,1281225
Harry Potter and the Chamber of Secrets,"J.K. Rowling, Mary GrandPré, J.K. Rowling",4.43,"Fantasy, Fiction, Young Adult, Magic, Childrens, Audiobook, Middle Grade, Adventure, Classics, Science Fiction Fantasy",352,4293833
It,"Stephen King, Stephen King",4.24,"Horror, Fiction, Thriller, Fantasy, Classics, Audiobook, Mystery, Adult, Horror Thriller, Paranormal",1184,1212659
The Secret Life of Bees,"Sue Monk Kidd, Sue Monk Kidd",4.1,"Fiction, Historical Fiction, Book Club, Classics, Young Adult, Historical, Contemporary, Coming Of Age, Adult Fiction, Adult",302,1330682
"The Hobbit, or There and Back Again","J.R.R. Tolkien, Douglas A. Anderson, Michael Hague, J.R.R. Tolkien, Andy Weir",4.29,"Fiction, Classics, Adventure, Young Adult, High Fantasy, Audiobook, Science Fiction Fantasy, Novels, Dragons, Epic Fantasy",366,4301735
The Red Tent,"Anita Diamant, Anita Diamant",4.2,"Historical Fiction, Fiction, Book Club, Historical, Religion, Feminism, Adult, Womens, Novels, Adult Fiction",324,620070
The Metamorphosis,"Franz Kafka, Stanley Corngold, Franz Kafka",3.89,"Classics, Fiction, Fantasy, Philosophy, Short Stories, Literature, School, Horror, German Literature, Audiobook",201,1304020
The Name of the Wind,"Patrick Rothfuss, Patrick Rothfuss",4.52,"Fantasy, Fiction, Epic Fantasy, High Fantasy, Audiobook, Magic, Science Fiction Fantasy, Adult, Adventure, Book Club",662,1039072
The Master and Margarita,"Mikhail Bulgakov, Diana Lewis Burgin, Katherine Tiernan O'Connor, Mikhail Bulgakov",4.29,"Fiction, Fantasy, Russia, Russian Literature, Magical Realism, Literature, Novels, Historical Fiction, Book Club, 20th Century",372,393814
The Count of Monte Cristo,"Alexandre Dumas, Robin Buss, Alexandre Dumas",4.31,"Classics, Fiction, Historical Fiction, Adventure, Literature, France, Historical, Audiobook, Novels, Classic Literature",1276,979199
Eragon,"Christopher Paolini, Christopher Paolini",3.96,"Fantasy, Young Adult, Fiction, Dragons, Adventure, Magic, High Fantasy, Childrens, Young Adult Fantasy, Audiobook",503,1885329
The Very Hungry Caterpillar,"Eric Carle, Eric Carle",4.34,"Picture Books, Childrens, Fiction, Animals, Classics, Food, Counting, Storytime, Kids, Mathematics",26,534249
Looking for Alaska,"John Green, John Green",3.96,"Young Adult, Fiction, Contemporary, Romance, Realistic Fiction, Coming Of Age, Teen, Mystery, Banned Books, Audiobook",221,1701199
Middlesex,"Jeffrey Eugenides, Jeffrey Eugenides",4.04,"Fiction, Historical Fiction, Book Club, Contemporary, LGBT, Classics, Literary Fiction, Queer, Novels, Literature",529,654042
Charlie and the Chocolate Factory,"Roald Dahl, Quentin Blake, Roald Dahl",4.17,"Fiction, Fantasy, Childrens, Young Adult, Middle Grade, Classics, Humor, Adventure, Novels, Audiobook",176,899668
"The Lion, the Witch and the Wardrobe","C.S. Lewis, Tormod Haugen, Per Svein Paulsen, C.S. Lewis",4.24,"Fantasy, Fiction, Young Adult, Childrens, Classics, Middle Grade, Adventure, Christian, Audiobook, Magic",206,3017170
The Adventures of Tom Sawyer,"Mark Twain, Guy Cardwell, John Seelye, Mark Twain",3.92,"Fiction, Classics, Adventure, Historical Fiction, Young Adult, Literature, Childrens, School, Novels, Audiobook",244,986980
The Shadow of the Wind,"Carlos Ruiz Zafón, Lucia Graves, Carlos Ruiz Zafón",4.3,"Fiction, Historical Fiction, Mystery, Fantasy, Book Club, Books About Books, Historical, Spain, Magical Realism, Spanish Literature",487,687596
The Curious Incident of the Dog in the Night-Time,"Mark Haddon, Mark Haddon",3.89,"Fiction, Mystery, Young Adult, Contemporary, Book Club, Classics, Autistic Spectrum Disorder, Novels, School, Psychology",226,1554997
"Tuesdays with Morrie: An Old Man, a Young Man, and Life's Greatest Lesson","Mitch Albom, Mitch Albom",4.2,"Nonfiction, Memoir, Biography, Classics, Philosophy, Self Help, Inspirational, Book Club, Contemporary, Biography Memoir",210,1133214
The Unbearable Lightness of Being,"Milan Kundera, Michael Henry Heim, Richmond Hoxie, Milan Kundera",4.11,"Fiction, Philosophy, Literature, Novels, Romance, Czech Literature, Classics, Literary Fiction, Contemporary, Book Club",314,516713
Holes,"Louis Sachar, Louis Sachar",4.01,"Young Adult, Fiction, Middle Grade, Childrens, Classics, School, Realistic Fiction, Mystery, Adventure, Contemporary",272,1314878
The Name of the Rose,"Umberto Eco, William Weaver, Umberto Eco",4.14,"Fiction, Historical Fiction, Mystery, Classics, Historical, Literature, Italy, Crime, Italian Literature, Novels",552,383804
On the Road,"Jack Kerouac, Jack Kerouac",3.61,"Classics, Fiction, Travel, Literature, Novels, American, Adventure, Modern Classics, 20th Century, The United States Of America",307,434089
Where the Red Fern Grows,"Wilson Rawls, Wilson Rawls",4.12,"Classics, Fiction, Young Adult, Childrens, Historical Fiction, Middle Grade, Animals, School, Realistic Fiction, Read For School",272,429693
The Godfather,"Mario Puzo, Robert Thompson, Peter Bart, Mario Puzo",4.4,"Fiction, Classics, Crime, Thriller, Historical Fiction, Mystery, Novels, Drama, Audiobook, Literature",448,448219
Perfume: The Story of a Murderer,"Patrick Süskind, John E. Woods, Patrick Süskind",4.04,"Fiction, Classics, Historical Fiction, Horror, Thriller, Mystery, Crime, German Literature, Historical, Novels",263,521366
In Cold Blood,"Truman Capote, Truman Capote",4.09,"Nonfiction, Classics, True Crime, Crime, Mystery, History, Book Club, Thriller, Audiobook, Literature",343,703289
The Scarlet Letter,"Nathaniel Hawthorne, Nina Baym, Thomas E. Connolly, Nathaniel Hawthorne",3.44,"Fiction, Historical Fiction, School, Literature, High School, Historical, Read For School, Classic Literature, Novels, American",279,896807
The Five People You Meet in Heaven,"Mitch Albom, Mitch Albom",4.0,"Fiction, Contemporary, Inspirational, Fantasy, Classics, Book Club, Spirituality, Philosophy, Adult, Adult Fiction",196,771899
Watchmen,"Alan Moore, Dave Gibbons, John Higgins, Alan Moore",4.39,"Graphic Novels, Fiction, Science Fiction, Fantasy, Graphic Novels Comics, Classics, Comic Book, Dystopia, Dc Comics, Superheroes",416,581781
The Divine Comedy: Inferno - Purgatorio - Paradiso,"Dante Alighieri, Allen Mandelbaum, Eugenio Montale, Dante Alighieri",4.08,"Poetry, Fiction, Literature, Philosophy, Fantasy, Italian Literature, Italy, Classic Literature, Mythology, School",798,165040
All Quiet on the Western Front,"Erich Maria Remarque, Arthur Wesley Wheen, Erich Maria Remarque",4.1,"Classics, Fiction, Historical Fiction, War, Historical, Literature, German Literature, School, World War I, Novels",296,497520
The Cat in the Hat,"Dr. Seuss, Dr. Seuss",4.19,"Childrens, Picture Books, Fiction, Poetry, Classics, Fantasy, Humor, Animals, Kids, Cats",61,570477
"Good Omens: The Nice and Accurate Prophecies of Agnes Nutter, Witch","Terry Pratchett, Neil Gaiman, Terry Pratchett",4.25,"Fantasy, Fiction, Humor, Audiobook, Comedy, Urban Fantasy, Book Club, Science Fiction Fantasy, Adult, Science Fiction",491,802637
The Little House Collection,"Laura Ingalls Wilder, Laura Ingalls Wilder",4.36,"Classics, Historical Fiction, Childrens, Fiction, Young Adult, Historical, Middle Grade, Juvenile, Literature, Adventure",2700,155898
Lonesome Dove,"Larry McMurtry, Larry McMurtry",4.56,"Fiction, Historical Fiction, Westerns, Classics, Historical, Adventure, Audiobook, Book Club, Novels, Literature",960,216002
Peter Pan,"J.M. Barrie, Michael Hague, J.M. Barrie",4.03,"Classics, Fantasy, Fiction, Childrens, Adventure, Audiobook, Young Adult, Middle Grade, Fairy Tales, Literature",155,363871
The Titan’s Curse,"Rick Riordan, Rick Riordan",4.37,"Fantasy, Young Adult, Mythology, Fiction, Middle Grade, Adventure, Greek Mythology, Childrens, Urban Fantasy, Audiobook",352,1162894
The Battle of the Labyrinth,"Rick Riordan, Rick Riordan",4.42,"Fantasy, Young Adult, Mythology, Fiction, Middle Grade, Adventure, Greek Mythology, Urban Fantasy, Childrens, Audiobook",361,1174023
The Secret History,"Donna Tartt, Donna Tartt",4.16,"Fiction, Dark Academia, Mystery, Classics, Contemporary, Thriller, Literary Fiction, Book Club, Mystery Thriller, Adult",559,920820
Love in the Time of Cholera,"Gabriel García Márquez, Edith Grossman, Kjell Risvik, Gabriel García Márquez",3.94,"Fiction, Historical Fiction, Magical Realism, Literature, Book Club, Novels, Spanish Literature, Literary Fiction, Historical, Latin American",348,530905
The Sea of Monsters,"Rick Riordan, Rick Riordan",4.24,"Fantasy, Young Adult, Mythology, Fiction, Middle Grade, Adventure, Greek Mythology, Childrens, Audiobook, Urban Fantasy",279,1299099
The Thorn Birds,"Colleen McCullough, Colleen McCullough",4.25,"Fiction, Historical Fiction, Romance, Classics, Historical, Historical Romance, Drama, Novels, Book Club, Adult",692,359353
How the Grinch Stole Christmas!,"Dr. Seuss, Dr. Seuss",4.38,"Childrens, Picture Books, Christmas, Classics, Fiction, Poetry, Fantasy, Holiday, Humor, Kids",64,436009
The Ultimate Hitchhiker’s Guide to the Galaxy,"Douglas Adams, Douglas Adams",4.38,"Science Fiction, Fiction, Humor, Fantasy, Classics, Comedy, Science Fiction Fantasy, Adventure, Novels, Space",815,333159
The Compleat Works of Wllm Shkspr,"Reduced Shakespeare Company, Daniel Singer, Jess Winfield, Reduced Shakespeare Company",4.43,"Plays, Classics, Humor, Drama, Fiction, Theatre, Comedy, Poetry, Literature, Adult",137,9711
Their Eyes Were Watching God,"Zora Neale Hurston, Zora Neale Hurston",3.99,"Classics, Fiction, Historical Fiction, School, Book Club, Literature, African American, Feminism, Historical, Novels",238,372829
The Importance of Being Earnest,"Oscar Wilde, Oscar Wilde",4.17,"Classics, Plays, Fiction, Humor, School, Theatre, Literature, Comedy, Romance, 19th Century",89,394374
The Wonderful Wizard of Oz,"L. Frank Baum, W.W. Denslow, L. Frank Baum",4.0,"Classics, Fantasy, Fiction, Childrens, Young Adult, Audiobook, Adventure, Middle Grade, Magic, Literature",154,493940
Atonement,"Ian McEwan, Ian McEwan",3.95,"Fiction, Historical Fiction, Classics, Romance, Historical, Book Club, War, Literary Fiction, Contemporary, Literature",351,546352
,,,,,
"Eat, Pray, Love","Elizabeth Gilbert, Elizabeth Gilbert",3.64,"Nonfiction, Memoir, Travel, Book Club, Biography, Romance, Chick Lit, Spirituality, Biography Memoir, Contemporary",368,1809941
The Lorax,"Dr. Seuss, Dr. Seuss",4.35,"Childrens, Picture Books, Fiction, Classics, Poetry, Fantasy, Environment, Banned Books, Young Adult, Kids",72,360862
Goodnight Moon,"Margaret Wise Brown, Clement Hurd, Margaret Wise Brown",4.32,"Childrens, Picture Books, Fiction, Classics, Poetry, Kids, Animals, Juvenile, Young Adult, Storytime",32,387487
A Midsummer Night’s Dream,"William Shakespeare, Barbara A. Mowat, Paul Werstine, William Shakespeare",3.94,"Plays, Fiction, Fantasy, School, Romance, Poetry, Literature, Read For School, Comedy, Theatre",298,563581
Murder on the Orient Express,"Agatha Christie, Agatha Christie",4.2,"Mystery, Classics, Fiction, Crime, Mystery Thriller, Audiobook, Thriller, Book Club, Detective, Murder Mystery",274,690196
Frostbite,"Richelle Mead, Richelle Mead",4.25,"Young Adult, Fantasy, Vampires, Paranormal, Romance, Urban Fantasy, Paranormal Romance, Fiction, Supernatural, Magic",327,367092
The Diary of a Young Girl,"Anne Frank, Eleanor Roosevelt, Susan Massotty, Anne Frank",4.2,"Nonfiction, Biography, Memoir, Classics, Historical, Holocaust, Autobiography, War, School, World War II",283,4023328
Tess of the D’Urbervilles,"Thomas Hardy, Margaret R. Higonnet, Tim Dolin, Thomas Hardy",3.84,"Classics, Fiction, Literature, Historical Fiction, 19th Century, Victorian, Novels, Classic Literature, British Literature, Historical",518,295801
Heart of Darkness,"Joseph Conrad, Joseph Conrad",3.43,"Fiction, Classics, Literature, Historical Fiction, School, Novels, Audiobook, Adventure, Read For School, High School",188,540545
The Prophet,"Kahlil Gibran, Kahlil Gibran",4.23,"Poetry, Classics, Philosophy, Fiction, Spirituality, Religion, Literature, Self Help, Inspirational, Novels",127,317903
The Call of the Wild,"Jack London, Avi, Jack London",3.91,"Classics, Fiction, Adventure, Young Adult, Animals, Historical Fiction, Literature, Audiobook, School, Childrens",172,456504
The Joy Luck Club,"Amy Tan, Amy Tan",3.97,"Fiction, Historical Fiction, Classics, China, Contemporary, Book Club, Historical, School, Adult, Adult Fiction",288,699371
The Good Earth,"Pearl S. Buck, Stephanie Reents, Cynthia Brantley Johnson, Pearl S. Buck",4.01,"Fiction, Historical Fiction, China, Classics, Book Club, Literature, Historical, Asia, Novels, Audiobook",418,256482
Alice in Wonderland,"Jane Carruth, Lewis Carroll, Rene Cloke, Jane Carruth",4.03,"Classics, Fantasy, Fiction, Childrens, Young Adult, Adventure, Literature, Novels, Middle Grade, Classic Literature",96,395073
The Phantom Tollbooth,"Norton Juster, Jules Feiffer, Maurice Sendak, Norton Juster",4.2,"Fantasy, Fiction, Classics, Childrens, Young Adult, Middle Grade, Adventure, Humor, School, Juvenile",248,299502
"Oh, the Places You’ll Go!","Dr. Seuss, Dr. Seuss",4.37,"Childrens, Picture Books, Fiction, Classics, Poetry, Fantasy, Young Adult, Inspirational, Kids, Humor",44,429863
The Neverending Story,"Michael Ende, Ralph Manheim, Michael Ende",4.18,"Fantasy, Classics, Fiction, Young Adult, Childrens, Adventure, German Literature, Middle Grade, Audiobook, Books About Books",396,213887
Madame Bovary,"Gustave Flaubert, Mark Overstall, Malcolm Bowie, Gustave Flaubert",3.71,"Classics, Fiction, France, Literature, French Literature, Romance, 19th Century, Novels, Historical Fiction, Classic Literature",329,358430
Treasure Island,"Robert Louis Stevenson, N.C. Wyeth, Robert Louis Stevenson",3.85,"Classics, Fiction, Adventure, Historical Fiction, Young Adult, Childrens, Pirates, Fantasy, Literature, Audiobook",352,522684
Oliver Twist,"Charles Dickens, Philip Horne, Charles Dickens",3.88,"Fiction, Classics, Historical Fiction, Literature, Novels, 19th Century, Classic Literature, Victorian, Historical, British Literature",608,416563
Jonathan Livingston Seagull,"Richard Bach, Russell Munson, Richard Bach",3.86,"Fiction, Classics, Philosophy, Fantasy, Spirituality, Inspirational, Self Help, Literature, Novels, Animals",112,265062
A Storm of Swords,"George R.R. Martin, George R.R. Martin",4.55,"Fantasy, Fiction, Epic Fantasy, High Fantasy, Science Fiction Fantasy, Audiobook, Adult, Dragons, Adventure, Epic",1177,823850
The Boy in the Striped Pajamas,"John Boyne, John Boyne",4.16,"Historical Fiction, Fiction, Young Adult, Historical, Classics, Holocaust, War, World War II, School, Book Club",224,915272
Ulysses,"James Joyce, Morris L. Ernst, John M. Woolsey, James Joyce",3.77,"Classics, Fiction, Literature, Ireland, Novels, Irish Literature, 20th Century, Banned Books, Literary Fiction, Unfinished",783,137259
Beloved,"Toni Morrison, Toni Morrison",3.97,"Fiction, Classics, Historical Fiction, Magical Realism, Historical, Literature, School, Literary Fiction, Book Club, Banned Books",325,470337
A Farewell to Arms,"Ernest Hemingway, Ernest Hemingway",3.82,"Fiction, Historical Fiction, Classics, War, Literature, Novels, Romance, American, Historical, Classic Literature",293,340782
David Copperfield,"Charles Dickens, Edward Killoran Brown, Jeremy Tambling, Charles Dickens",4.04,"Fiction, Literature, Historical Fiction, Audiobook, 19th Century, Novels, Victorian, British Literature, Classic Literature, Historical",882,251166
,,,,,
A Little Princess,"Frances Hodgson Burnett, U.C. Knoepflmacher, Frances Hodgson Burnett",4.23,"Fiction, Childrens, Classics, Young Adult, Historical Fiction, Middle Grade, Historical, Audiobook, Literature, Classic Literature",242,318790
The World According to Garp,"John Irving, John Irving",4.11,"Fiction, Classics, Literature, Contemporary, Novels, Literary Fiction, Humor, American, Book Club, Adult Fiction",610,234844
His Dark Materials,"Philip Pullman, Philip Pullman",4.29,"Fantasy, Fiction, Young Adult, Childrens, Science Fiction Fantasy, Science Fiction, Classics, Adventure, Steampunk, Middle Grade",1088,166010
Wicked: The Life and Times of the Wicked Witch of the West,"Gregory Maguire, Douglas Smith, Gregory Maguire",3.52,"Fantasy, Fiction, Book Club, Adult, Retellings, Audiobook, Witches, Classics, Magic, Science Fiction Fantasy",406,660955
The Iliad / The Odyssey,"Homer, Robert Fagles, Bernard Knox, Homer",4.07,"Classics, Fiction, Poetry, Mythology, Fantasy, Literature, Historical Fiction, School, Greek Mythology, Historical",1556,81413
Schindler’s List,"Thomas Keneally, Thomas Keneally",4.34,"History, Nonfiction, Holocaust, War, Historical, World War II, Biography, Classics, Media Tie In, Jewish",429,163671
The Velveteen Rabbit,"Margery Williams Bianco, William Nicholson, Margery Williams Bianco",4.31,"Classics, Childrens, Fiction, Picture Books, Fantasy, Animals, Young Adult, Short Stories, Juvenile, Audiobook",40,267514
The Silmarillion,"J.R.R. Tolkien, Christopher Tolkien, Ted Nasmith, J.R.R. Tolkien",4.03,"Fantasy, Fiction, High Fantasy, Science Fiction Fantasy, Epic Fantasy, Classics, Mythology, Audiobook, Literature, Adventure",386,320828
The Trial,"Franz Kafka, Max Brod, Willa Muir, Franz Kafka",3.95,"Fiction, Philosophy, Literature, Novels, Dystopia, German Literature, 20th Century, Literary Fiction, Czech Literature, Audiobook",255,369418
Howl’s Moving Castle,"Diana Wynne Jones, Diana Wynne Jones",4.29,"Fantasy, Young Adult, Fiction, Middle Grade, Magic, Classics, Audiobook, Childrens, Adventure, Book Club",329,417228
Mystic River,"Dennis Lehane, Dennis Lehane",4.17,"Mystery, Fiction, Thriller, Crime, Mystery Thriller, Suspense, Book Club, Drama, Novels, Contemporary",416,155194
Extremely Loud & Incredibly Close,"Jonathan Safran Foer, Jonathan Safran Foer",3.97,"Fiction, Book Club, Historical Fiction, Contemporary, Novels, Literary Fiction, Adult, Adult Fiction, Literature, Young Adult",326,430135
Red Dragon,"Thomas Harris, Thomas Harris",4.07,"Horror, Fiction, Thriller, Crime, Mystery, Mystery Thriller, Suspense, Novels, Classics, Audiobook",454,357332
Shutter Island,"Dennis Lehane, Dennis Lehane",4.13,"Mystery, Fiction, Thriller, Horror, Mystery Thriller, Crime, Suspense, Book Club, Audiobook, Novels",369,210881
The Other Boleyn Girl,"Philippa Gregory, Philippa Gregory",4.09,"Historical Fiction, Fiction, Historical, Romance, Book Club, Adult, British Literature, Historical Romance, Tudor Period, Adult Fiction",661,507178
The Silence of the Lambs,"Thomas Harris, Thomas Harris",4.25,"Horror, Fiction, Thriller, Mystery, Crime, Classics, Mystery Thriller, Suspense, Novels, Audiobook",421,574245
Man’s Search for Meaning,"Viktor E. Frankl, Harold S. Kushner, William J. Winslade, Viktor E. Frankl",4.37,"Nonfiction, Psychology, Philosophy, History, Self Help, Memoir, Biography, Classics, Audiobook, Spirituality",165,814789
The Sun Also Rises,"Ernest Hemingway, Ernest Hemingway",3.79,"Classics, Fiction, Literature, Novels, Historical Fiction, American, Book Club, Spain, School, Literary Fiction",189,474658
A Confederacy of Dunces,"John Kennedy Toole, Walker Percy, John Kennedy Toole",3.89,"Fiction, Humor, Book Club, Literature, Comedy, Novels, Classics, American, Audiobook, Literary Fiction",394,289303
The Green Mile,"Stephen King, Stephen King",4.49,"Horror, Fiction, Fantasy, Thriller, Mystery, Classics, Crime, Audiobook, Historical Fiction, Paranormal",592,346601
The Secret Magdalene,"Ki Longfellow, Ki Longfellow",4.15,"Historical Fiction, Fiction, Religion, Historical, Spirituality, Literature, Novels, Biblical Fiction, Contemporary, Biblical",448,4694
The Crucible,"Arthur Miller, Christopher W.E. Bigsby, Arthur Miller",3.61,"Classics, Plays, Fiction, Historical Fiction, School, Drama, Read For School, Historical, High School, Literature",143,447641
Cat’s Cradle,"Kurt Vonnegut Jr., Kurt Vonnegut Jr.",4.15,"Fiction, Classics, Science Fiction, Humor, Literature, Novels, Dystopia, American, Book Club, Fantasy",306,424546
The Wind in the Willows,"Kenneth Grahame, Gillian Avery, Kenneth Grahame",4.02,"Classics, Fiction, Childrens, Fantasy, Animals, Young Adult, Middle Grade, Audiobook, Adventure, Literature",197,232775
The Lord of the Rings,"J.R.R. Tolkien, J.R.R. Tolkien",4.54,"Fantasy, Classics, Fiction, Adventure, Science Fiction Fantasy, High Fantasy, Epic Fantasy, Literature, Novels, Young Adult",1216,710610
A Light in the Attic,"Shel Silverstein, Shel Silverstein",4.36,"Poetry, Childrens, Classics, Fiction, Humor, Young Adult, Picture Books, Banned Books, Middle Grade, Juvenile",176,467830
Misery,"Stephen King, Stephen King",4.23,"Horror, Fiction, Thriller, Mystery, Suspense, Audiobook, Mystery Thriller, Horror Thriller, Adult, Classics",370,804048
The Hiding Place: The Triumphant True Story of Corrie Ten Boom,"Corrie ten Boom, John Sherrill, Elizabeth Sherrill, Corrie ten Boom",4.47,"Nonfiction, Biography, History, Christian, Memoir, Classics, Holocaust, World War II, Historical, Book Club",242,344976
The Phantom of the Opera,"Gaston Leroux, Gaston Leroux",3.96,"Fiction, Horror, Romance, Gothic, Classics, Mystery, Historical Fiction, France, Fantasy, Literature",360,264517
A Clash of Kings,"George R.R. Martin, George R.R. Martin",4.42,"Fantasy, Fiction, Epic Fantasy, High Fantasy, Science Fiction Fantasy, Audiobook, Adult, Dragons, Adventure, Epic",1009,991450
The God of Small Things,"Arundhati Roy, Arundhati Roy",3.96,"Fiction, India, Historical Fiction, Classics, Literary Fiction, Contemporary, Book Club, Indian Literature, Novels, Literature",321,314345
Ella Enchanted,"Gail Carson Levine, Gail Carson Levine",4.01,"Fantasy, Young Adult, Fiction, Middle Grade, Romance, Childrens, Fairy Tales, Retellings, Magic, Classics",240,420146
The Bone Collector,"Jeffery Deaver, Jeffery Deaver",4.2,"Mystery, Thriller, Fiction, Crime, Mystery Thriller, Suspense, Detective, Horror, Novels, Contemporary",528,187416
The Fellowship of the Ring,"J.R.R. Tolkien, Francis Ledoux, Maria Skibniewska, J.R.R. Tolkien, Ken Liu",4.4,"Fantasy, Classics, Fiction, Adventure, Audiobook, High Fantasy, Science Fiction Fantasy, Epic Fantasy, Novels, Young Adult",398,3011026
The House of the Spirits,"Isabel Allende, Magda Bogin, Isabel Allende",4.29,"Fiction, Magical Realism, Historical Fiction, Fantasy, Book Club, Spanish Literature, Historical, Novels, Literature, Literary Fiction",448,298186
Girl with a Pearl Earring,"Tracy Chevalier, Tracy Chevalier",3.93,"Historical Fiction, Fiction, Classics, Historical, Art, Romance, Book Club, Adult, Adult Fiction, Novels",233,763242
Uglies,"Scott Westerfeld, Scott Westerfeld",3.85,"Young Adult, Dystopia, Science Fiction, Fiction, Fantasy, Romance, Teen, Adventure, Audiobook, Childrens",425,697885
The Wind-Up Bird Chronicle,"Haruki Murakami, Jay Rubin, Haruki Murakami",4.14,"Fiction, Magical Realism, Fantasy, Japanese Literature, Novels, Literature, Literary Fiction, Mystery, Book Club, Contemporary",607,303271
Marley and Me: Life and Love With the World’s Worst Dog,"John Grogan, John Grogan",4.14,"Nonfiction, Memoir, Animals, Biography, Dogs, Humor, Book Club, Biography Memoir, Adult, Contemporary",291,474697
Norwegian Wood,"Haruki Murakami, Jay Rubin, Haruki Murakami",4.0,"Fiction, Romance, Japan, Japanese Literature, Contemporary, Classics, Novels, Literary Fiction, Literature, Magical Realism",296,682812
She’s Come Undone,"Wally Lamb, Wally Lamb",3.91,"Fiction, Contemporary, Book Club, Chick Lit, Coming Of Age, Adult Fiction, Novels, Adult, Literary Fiction, Drama",465,355082
Marked,"P.C. Cast, Kristin Cast, P.C. Cast",3.82,"Young Adult, Fantasy, Vampires, Paranormal, Romance, Fiction, Supernatural, Urban Fantasy, Paranormal Romance, Magic",306,515276
Kafka on the Shore,"Haruki Murakami, Philip Gabriel, Haruki Murakami",4.12,"Fiction, Magical Realism, Fantasy, Japanese Literature, Novels, Literature, Classics, Literary Fiction, Book Club, Audiobook",467,519461
Fear and Loathing in Las Vegas: A Savage Journey to the Heart of the American Dream,"Hunter S. Thompson, Ralph Steadman, Hunter S. Thompson",4.07,"Fiction, Classics, Humor, Journalism, Novels, Literature, American, Contemporary, Travel, Comedy",204,367327
The Sound and the Fury,"William Faulkner, William Faulkner",3.86,"Fiction, Literature, Classics, Novels, American, Southern Gothic, 20th Century, Literary Fiction, School, Southern",366,190547
The Complete Calvin and Hobbes,"Bill Watterson, Bill Watterson",4.81,"Humor, Graphic Novels, Fiction, Comics, Classics, Comedy, Graphic Novels Comics, Childrens, Comic Strips, Comic Book",1456,41512
For Whom the Bell Tolls,"Ernest Hemingway, Ernest Hemingway",3.98,"Classics, Fiction, Historical Fiction, Literature, War, Novels, American, Spain, Classic Literature, Historical",471,308550
The Complete Sherlock Holmes,"Arthur Conan Doyle, Arthur Conan Doyle",4.5,"Classics, Mystery, Fiction, Crime, Short Stories, Audiobook, Detective, Literature, Mystery Thriller, Historical Fiction",1796,213410
The Idiot,"Fyodor Dostoevsky, Anna Brailovsky, Joseph Frank, Fyodor Dostoevsky",4.21,"Fiction, Russia, Russian Literature, Literature, Classics, Philosophy, Novels, 19th Century, Classic Literature, Historical Fiction",667,203828
Inkheart,"Cornelia Funke, Anthea Bell, Cornelia Funke",3.92,"Fantasy, Young Adult, Fiction, Middle Grade, Childrens, Adventure, Magic, Books About Books, Audiobook, Young Adult Fantasy",563,436749
Roots: The Saga of an American Family,"Alex Haley, Alex Haley",4.44,"Historical Fiction, Fiction, Classics, Historical, African American, Africa, Race, Audiobook, Literature, Novels",729,162765
Stranger in a Strange Land,"Robert A. Heinlein, James Warhola, Robert A. Heinlein",3.92,"Science Fiction, Fiction, Classics, Science Fiction Fantasy, Fantasy, Audiobook, Novels, Philosophy, Speculative Fiction, Religion",525,321748
Othello,"William Shakespeare, Barbara A. Mowat, Paul Werstine, William Shakespeare",3.89,"Classics, Plays, Fiction, School, Theatre, Literature, Read For School, Poetry, Tragedy, High School",319,424270
Into the Wild,"Jon Krakauer, Jon Krakauer",4.02,"Nonfiction, Biography, Adventure, Travel, Classics, Memoir, Nature, School, Biography Memoir, Audiobook",207,1154337
Neverwhere,"Neil Gaiman, Neil Gaiman",4.17,"Fantasy, Fiction, Urban Fantasy, Audiobook, Science Fiction Fantasy, Horror, Science Fiction, Book Club, Adventure, Adult",370,552589
The Vampire Lestat,"Anne Rice, Anne Rice",4.11,"Horror, Fantasy, Vampires, Fiction, Paranormal, Supernatural, Gothic, Urban Fantasy, Historical Fiction, Adult",481,211063
The Things They Carried,"Tim O'Brien, Tim O'Brien",4.14,"Fiction, Historical Fiction, Classics, War, Short Stories, School, Historical, Book Club, Military Fiction, Read For School",246,334071
King Lear,"William Shakespeare, William James Rolfe, William Shakespeare",3.91,"Plays, Fiction, Classics, School, Theatre, Literature, Poetry, Read For School, Tragedy, British Literature",339,230580
Never Let Me Go,"Kazuo Ishiguro, Kazuo Ishiguro",3.85,"Fiction, Science Fiction, Dystopia, Book Club, Contemporary, Literary Fiction, Romance, Classics, Novels, Audiobook",288,793680
White Oleander,"Janet Fitch, Janet Fitch",4.0,"Fiction, Coming Of Age, Contemporary, Book Club, Literary Fiction, Drama, Adult Fiction, Chick Lit, Adult, Novels",446,361826
Foundation,"Isaac Asimov, Isaac Asimov",4.17,"Science Fiction, Fiction, Science Fiction Fantasy, Fantasy, Classics, Audiobook, Space Opera, Novels, Space, Speculative Fiction",244,574962
Blood River: A Journey to Africa’s Broken Heart,"Tim Butcher, Tim Butcher",3.98,"Travel, Nonfiction, Africa, History, Adventure, Memoir, Biography, Travelogue, Politics, Biography Memoir",363,11811
Uncle Tom’s Cabin,"Harriet Beecher Stowe, Harriet Beecher Stowe",3.91,"Classics, Fiction, Historical Fiction, Literature, Historical, Novels, American, Classic Literature, School, 19th Century",438,237795
Mistborn: The Final Empire,"Brandon Sanderson, Brandon Sanderson",4.49,"Fantasy, Fiction, High Fantasy, Audiobook, Epic Fantasy, Magic, Adult, Science Fiction Fantasy, Young Adult, Adventure",541,864777
East of Eden,"John Steinbeck, John Steinbeck",4.43,"Fiction, Classics, Historical Fiction, Literature, Book Club, Novels, Literary Fiction, American, Historical, Classic Literature",601,589425
The Once and Future King,"T.H. White, T.H. White",4.07,"Fantasy, Classics, Fiction, Historical Fiction, Arthurian, Mythology, Young Adult, Historical, Science Fiction Fantasy, Literature",639,115840
James and the Giant Peach,"Roald Dahl, Quentin Blake, Roald Dahl",4.03,"Childrens, Fantasy, Fiction, Classics, Young Adult, Middle Grade, Adventure, Juvenile, Audiobook, Humor",176,501060
I Know This Much Is True,"Wally Lamb, Wally Lamb",4.21,"Fiction, Contemporary, Book Club, Literary Fiction, Novels, Mental Health, Psychology, Adult Fiction, Drama, Mental Illness",897,319250
Candide,"Voltaire, Rockwell Kent, Walter Jerrold, Voltaire",3.76,"Classics, Fiction, Philosophy, France, Literature, French Literature, Humor, School, 18th Century, Novels",129,291667
All Creatures Great and Small,"James Herriot, James Herriot",4.35,"Nonfiction, Memoir, Animals, Classics, Biography, Audiobook, Biography Memoir, Autobiography, Book Club, British Literature",437,153916
The Complete Works,"William Shakespeare, William Shakespeare",4.48,"Classics, Poetry, Fiction, Plays, Literature, Drama, Classic Literature, Historical Fiction, Romance, Collections",1229,57433
Paradise Lost,"John Milton, John Milton",3.85,"Classics, Poetry, Fiction, Literature, Religion, Fantasy, Philosophy, School, Classic Literature, Mythology",453,176116
The Time Machine,"H.G. Wells, Greg Bear, Carlo Pagetti, H.G. Wells",3.89,"Science Fiction, Fiction, Classics, Time Travel, Fantasy, Dystopia, Audiobook, Literature, Adventure, Science Fiction Fantasy",118,548201
Invisible Man,"Ralph Ellison, Ralph Ellison",3.92,"Fiction, Classics, Literature, Historical Fiction, Race, African American, Novels, School, American, Literary Fiction",581,196966
Heidi,"Johanna Spyri, Angelo Rinaldi, Beverly Cleary, Johanna Spyri",4.04,"Classics, Fiction, Childrens, Historical Fiction, Young Adult, Middle Grade, Historical, Audiobook, Juvenile, Childrens Classics",352,207368
The Thirteenth Tale,"Diane Setterfield, Diane Setterfield",3.98,"Fiction, Mystery, Historical Fiction, Book Club, Gothic, Books About Books, Fantasy, Audiobook, Adult, Historical",406,321762
"Lamb: The Gospel According to Biff, Christ’s Childhood Pal","Christopher Moore, Christopher Moore",4.23,"Fiction, Humor, Historical Fiction, Fantasy, Religion, Comedy, Book Club, Audiobook, Historical, Adult",444,178803
The Wise Man's Fear,"Patrick Rothfuss, Patrick Rothfuss",4.55,"Fantasy, Fiction, Epic Fantasy, High Fantasy, Audiobook, Magic, Science Fiction Fantasy, Adventure, Adult, Epic",994,597812
Leaves of Grass,"Walt Whitman, Walt Whitman",4.12,"Poetry, Classics, Fiction, Literature, American, 19th Century, Philosophy, Classic Literature, School, The United States Of America",624,113668
"Walden or, Life in the Woods","Henry David Thoreau, Bill McKibben, Henry David Thoreau",3.78,"Classics, Philosophy, Nonfiction, Nature, Memoir, Literature, Biography, Essays, American, Environment",352,199121
"Are You There God? It’s Me, Margaret","Judy Blume, Judy Blume",3.94,"Young Adult, Fiction, Childrens, Classics, Middle Grade, Coming Of Age, Realistic Fiction, Banned Books, Audiobook, Contemporary",149,250392
Different Seasons,"Stephen King, Stephen King",4.36,"Horror, Fiction, Short Stories, Thriller, Mystery, Fantasy, Drama, Classics, Suspense, Audiobook",560,215247
Hamlet,"William Shakespeare, Harold Bloom, Rex Gibson, William Shakespeare",4.02,"Plays, Fiction, School, Literature, Read For School, Poetry, High School, Tragedy, Historical Fiction, Classic Literature",289,1011042
The Cider House Rules,"John Irving, John Irving",4.17,"Fiction, Classics, Historical Fiction, Literature, Literary Fiction, Contemporary, Novels, Book Club, Historical, American",1064,191518
The Complete Maus,"Art Spiegelman, Art Spiegelman",4.58,"Graphic Novels, Comics, Nonfiction, History, Biography, Memoir, Historical, War, Classics, Holocaust",296,241952
Mrs. Dalloway,"Virginia Woolf, Maureen Howard, Virginia Woolf",3.78,"Classics, Fiction, Literature, Novels, Feminism, Literary Fiction, British Literature, 20th Century, Book Club, School",194,334672
Fried Green Tomatoes at the Whistle Stop Cafe,"Fannie Flagg, Fannie Flagg",4.28,"Fiction, Historical Fiction, Classics, LGBT, Queer, Book Club, Historical, Chick Lit, Southern, Humor",416,318953
Sophie’s World,"Jostein Gaarder, Paulette Møller, Jostein Gaarder",3.97,"Fiction, Classics, Young Adult, Fantasy, Novels, Literature, Contemporary, Unfinished, Philosophy, Mystery",403,273089
The Awakening,"Kate Chopin, Kate Chopin",3.68,"Classics, Fiction, Feminism, School, Literature, Historical Fiction, Read For School, High School, Book Club, American",195,220609
The Hound of the Baskervilles,"Arthur Conan Doyle, Anne Perry, Mark Hallaq, Arthur Conan Doyle",4.13,"Mystery, Fiction, Crime, Classics, Mystery Thriller, Thriller, Audiobook, Literature, British Literature, Novels",256,371828
The Graveyard Book,"Neil Gaiman, Dave McKean, Neil Gaiman",4.16,"Fantasy, Young Adult, Fiction, Horror, Middle Grade, Paranormal, Audiobook, Childrens, Ghosts, Supernatural",312,558564
The Monster at the End of this Book,"Jon Stone, Michael Smollin, Jon Stone",4.46,"Picture Books, Childrens, Fiction, Humor, Classics, Monsters, Storytime, Kids, Fantasy, Juvenile",32,126259
Middlemarch,"George Eliot, Michel Faber, George Eliot",4.03,"Classics, Fiction, Historical Fiction, Literature, 19th Century, Victorian, Novels, Audiobook, Romance, British Literature",912,173250
Stardust,"Neil Gaiman, Neil Gaiman",4.1,"Fantasy, Fiction, Young Adult, Adventure, Audiobook, Magic, Science Fiction Fantasy, Fairy Tales, Adult, Book Club",248,473940
Black Beauty,"Anna Sewell, Gail Carson Levine, Anna Sewell",4.0,"Classics, Fiction, Childrens, Animals, Young Adult, Horses, Historical Fiction, Middle Grade, Adventure, Audiobook",245,291924
Sophie’s Choice,"William Styron, William Styron",4.17,"Fiction, Historical Fiction, Holocaust, War, Classics, Historical, World War II, Banned Books, Literature, Novels",562,93219
The Prince of Tides,"Pat Conroy, Pat Conroy",4.26,"Fiction, Classics, Romance, Southern, Contemporary, Literary Fiction, Literature, Book Club, Drama, Audiobook",679,213104
Things Fall Apart,"Chinua Achebe, Chinua Achebe",3.74,"Fiction, Classics, Historical Fiction, Africa, School, Literature, Nigeria, Historical, Novels, Read For School",215,398344
Dead Until Dark,"Charlaine Harris, Charlaine Harris",3.97,"Fantasy, Vampires, Paranormal, Romance, Urban Fantasy, Fiction, Mystery, Paranormal Romance, Supernatural, Horror",292,554062
A Time to Kill,"John Grisham, John Grisham",4.12,"Fiction, Thriller, Mystery, Crime, Suspense, Legal Thriller, Mystery Thriller, Novels, Adult Fiction, Law",738,817582
Number the Stars,"Lois Lowry, Lois Lowry",4.19,"Historical Fiction, Young Adult, Fiction, Classics, Middle Grade, Historical, Childrens, Holocaust, School, World War II",137,602819
The Magician’s Nephew,"C.S. Lewis, C.S. Lewis",4.05,"Fantasy, Classics, Fiction, Young Adult, Childrens, Middle Grade, Christian, Adventure, Audiobook, Christian Fiction",221,581561
Bridget Jones’s Diary,"Helen Fielding, Helen Fielding",3.81,"Fiction, Chick Lit, Romance, Contemporary, Humor, Comedy, Adult, Adult Fiction, British Literature, Contemporary Romance",288,1008618
V for Vendetta,"Alan Moore, David Lloyd, Steve Whitaker, Alan Moore",4.26,"Graphic Novels, Comics, Fiction, Dystopia, Science Fiction, Graphic Novels Comics, Classics, Comic Book, Politics, Fantasy",296,318653
War and Peace,"Leo Tolstoy, Aylmer Maude, Louise Maude, Leo Tolstoy",4.17,"Classics, Fiction, Historical Fiction, Russia, Russian Literature, Literature, War, Novels, Historical, 19th Century",1392,353412
Beowulf,"Unknown, Seamus Heaney, Unknown",3.5,"Poetry, Fiction, Fantasy, Classics, Mythology, School, Literature, Read For School, Historical Fiction, High School",259,335195
American Psycho,"Bret Easton Ellis, Bret Easton Ellis",3.81,"Fiction, Horror, Classics, Thriller, Crime, Contemporary, Novels, Literature, Mystery, American",399,344164
Franny and Zooey,"J.D. Salinger, J.D. Salinger",3.96,"Fiction, Short Stories, Literature, Classics, American, Novels, Literary Fiction, 20th Century, Book Club, The United States Of America",201,233027
White Fang,"Jack London, K.A. Applegate, Jack London",4.03,"Classics, Fiction, Adventure, Animals, Young Adult, Historical Fiction, Literature, Childrens, Audiobook, Novels",252,199924
Love You Forever,"Robert Munsch, Sheila McGraw, Robert Munsch",4.38,"Picture Books, Childrens, Fiction, Classics, Family, Love, Kids, Realistic Fiction, Canada, Juvenile",32,244129
The Witches,"Roald Dahl, Quentin Blake, Roald Dahl",4.18,"Fantasy, Childrens, Fiction, Classics, Middle Grade, Young Adult, Witches, Humor, Magic, Horror",208,416859
Harry Potter Series Box Set,"J.K. Rowling, J.K. Rowling",4.73,"Fantasy, Young Adult, Fiction, Magic, Childrens, Adventure, Classics, Middle Grade, Science Fiction Fantasy, Audiobook",4100,298099
A Short History of Nearly Everything,"Bill Bryson, Bill Bryson",4.22,"Nonfiction, Science, History, Audiobook, Humor, Physics, Popular Science, Historical, Philosophy, Unfinished",544,408971
The Gunslinger,"Stephen King, Stephen King",3.91,"Fantasy, Fiction, Horror, Science Fiction, Audiobook, Adventure, Science Fiction Fantasy, Thriller, Post Apocalyptic, Dystopia",231,644600
The Complete Novels,"Jane Austen, Jane Austen",4.57,"Classics, Fiction, Romance, Historical Fiction, Literature, Historical, Classic Literature, Novels, Regency, British Literature",1344,33751
The Power of One,"Bryce Courtenay, Bryce Courtenay",4.35,"Fiction, Historical Fiction, Africa, Book Club, Classics, South Africa, Coming Of Age, Historical, Young Adult, Novels",544,92498
Gulliver’s Travels,"Jonathan Swift, Robert DeMaria Jr., Jonathan Swift",3.59,"Classics, Fiction, Fantasy, Adventure, Literature, Novels, 18th Century, Classic Literature, School, Audiobook",306,291595
The Eye of the World,"Robert Jordan, Robert Jordan",4.19,"Fantasy, Fiction, Epic Fantasy, High Fantasy, Audiobook, Science Fiction Fantasy, Adventure, Magic, Adult, Epic",800,567598
Tuck Everlasting,"Natalie Babbitt, Natalie Babbitt",3.91,"Fantasy, Classics, Young Adult, Fiction, Childrens, Middle Grade, School, Historical Fiction, Romance, Read For School",148,287318
"A Child Called ""It""","Dave Pelzer, Dave Pelzer",4.14,"Nonfiction, Memoir, Biography, Psychology, Autobiography, Abuse, Biography Memoir, Adult, True Crime, True Story",184,452613
’Salem’s Lot,"Stephen King, Stephen King",4.1,"Horror, Fiction, Vampires, Fantasy, Thriller, Paranormal, Audiobook, Supernatural, Mystery, Horror Thriller",483,628462
Bel Canto,"Ann Patchett, Ann Patchett",3.94,"Fiction, Book Club, Literary Fiction, Contemporary, Historical Fiction, Audiobook, Music, Novels, Literature, Adult Fiction",318,307732
A Portrait of the Artist as a Young Man,"James Joyce, Seamus Deane, James Joyce",3.64,"Classics, Fiction, Literature, Irish Literature, Ireland, Novels, 20th Century, Literary Fiction, School, Audiobook",329,159635
Inferno,"Dante Alighieri, Anthony Esolen, Dante Alighieri",4.03,"Classics, Poetry, Fiction, Literature, Religion, Fantasy, School, Philosophy, Italian Literature, Medieval",490,197977
القرآن الكريم,"Anonymous, Yaşar Nuri Öztürk, Anonymous",4.38,"Nonfiction, Classics, Philosophy, Religion, Spirituality, History, Theology, Mythology, Poetry, Literature",604,71085
Tao Te Ching,"Lao Tzu, Gia-Fu Feng, Jane English, Lao Tzu",4.29,"Philosophy, Nonfiction, Classics, Spirituality, Religion, Poetry, China, Taoism, Self Help, Eastern Philosophy",107,174158
Cold Mountain,"Charles Frazier, Charles Frazier",3.89,"Historical Fiction, Fiction, Historical, Romance, Civil War, War, Classics, Book Club, Novels, Literary Fiction",449,247244
Cloud Atlas,"David Mitchell, David Mitchell",4.01,"Fiction, Science Fiction, Fantasy, Historical Fiction, Dystopia, Book Club, Literary Fiction, Contemporary, Novels, Literature",509,260442
As I Lay Dying,"William Faulkner, William Faulkner",3.72,"Classics, Fiction, Literature, Novels, American, School, Southern Gothic, Literary Fiction, 20th Century, Southern",288,179986
The Hunchback of Notre-Dame,"Victor Hugo, Walter J. Cobb, Lucie Konvičková, Victor Hugo",4.02,"Classics, Fiction, Historical Fiction, France, Literature, Gothic, French Literature, Historical, Romance, Novels",510,211324
Go Ask Alice,"Beatrice Sparks, Carlo Corsi, Anonymous, Beatrice Sparks",3.74,"Young Adult, Fiction, Classics, Contemporary, Banned Books, Mental Health, Realistic Fiction, Teen, Coming Of Age, Psychology",213,284666
The Tell-Tale Heart and Other Writings,"Edgar Allan Poe, Edgar Allan Poe",4.19,"Classics, Horror, Fiction, Short Stories, Poetry, Gothic, Mystery, Literature, School, Fantasy",448,243188
Eldest,"Christopher Paolini, Christopher Paolini",4.05,"Fantasy, Young Adult, Fiction, Dragons, Adventure, Magic, High Fantasy, Young Adult Fantasy, Audiobook, Epic Fantasy",704,476514
Dr. Jekyll and Mr. Hyde,"Robert Louis Stevenson, Vladimir Nabokov, Dan Chaon, Robert Louis Stevenson",3.83,"Horror, Gothic, Mystery, Science Fiction, Fantasy, Audiobook, Literature, School, 19th Century, Thriller",139,633710
Mansfield Park,"Jane Austen, Kathryn Sutherland, Charles Edmund Brock, Jane Austen",3.86,"Fiction, Classics, Historical Fiction, Literature, Audiobook, Historical, 19th Century, Classic Literature, British Literature, Regency",488,368413
The Martian Chronicles,"Ray Bradbury, Michael Whelan, Ray Bradbury",4.16,"Science Fiction, Fiction, Classics, Short Stories, Fantasy, Science Fiction Fantasy, Audiobook, Space, American, Literature",182,277100
Brisingr,"Christopher Paolini, Christopher Paolini",4.11,"Fantasy, Young Adult, Fiction, Dragons, Adventure, Magic, High Fantasy, Epic Fantasy, Audiobook, Young Adult Fantasy",748,401910
A Separate Peace,"John Knowles, David Levithan, John Knowles",3.6,"Classics, Fiction, Historical Fiction, School, Young Adult, Coming Of Age, High School, Literature, Read For School, Dark Academia",208,228189
Dark Lover,"J.R. Ward, J.R. Ward",4.16,"Paranormal, Vampires, Paranormal Romance, Fantasy, Urban Fantasy, Adult, Fiction, Supernatural, Erotica, Audiobook",393,347006
Steppenwolf,"Hermann Hesse, Basil Creighton, Hermann Hesse",4.13,"Fiction, Classics, Philosophy, German Literature, Literature, Novels, Germany, 20th Century, Psychology, Literary Fiction",256,203523
The BFG,"Roald Dahl, Quentin Blake, Roald Dahl",4.23,"Fantasy, Childrens, Fiction, Middle Grade, Young Adult, Humor, Adventure, Classics, Audiobook, Juvenile",199,511158
Robinson Crusoe,"Daniel Defoe, Virginia Woolf, Daniel Defoe",3.68,"Classics, Fiction, Adventure, Literature, Historical Fiction, Novels, 18th Century, Classic Literature, School, British Literature",320,322242
Stargirl,"Jerry Spinelli, Jerry Spinelli",3.77,"Young Adult, Fiction, Contemporary, Romance, Realistic Fiction, Middle Grade, Childrens, School, Teen, Coming Of Age",186,333103
The Amazing Adventures of Kavalier & Clay,"Michael Chabon, Michael Chabon",4.18,"Fiction, Historical Fiction, Book Club, Novels, Literary Fiction, Literature, Historical, Contemporary, Jewish, Comics",639,208708
The Remains of the Day,"Kazuo Ishiguro, Kazuo Ishiguro",4.14,"Fiction, Historical Fiction, Classics, Literary Fiction, Historical, Literature, Book Club, Novels, Audiobook, British Literature",258,337408
The Amber Spyglass,"Philip Pullman, Philip Pullman",4.1,"Fantasy, Young Adult, Fiction, Adventure, Audiobook, Science Fiction, Childrens, Science Fiction Fantasy, Steampunk, Middle Grade",465,374283
"Blood Meridian, or, the Evening Redness in the West","Cormac McCarthy, Cormac McCarthy",4.16,"Fiction, Historical Fiction, Westerns, Classics, Horror, Literature, Novels, Historical, American, Literary Fiction",351,198082
زندگی مه آلود پریا,"سید مرتضی مصطفوی, سید مرتضی مصطفوی",3.34,Fiction,204,1030
Doctor Zhivago,"Boris Pasternak, John Bayley, Max Hayward, Boris Pasternak",4.01,"Fiction, Historical Fiction, Russia, Russian Literature, Classics, Romance, Literature, Novels, Historical, War",592,100459
The Plague,"Albert Camus, Stuart Gilbert, Albert Camus",4.02,"Classics, Fiction, Philosophy, France, Literature, French Literature, Novels, 20th Century, Historical Fiction, Literary Fiction",308,295022
Coraline,"Neil Gaiman, Dave McKean, Neil Gaiman",4.13,"Fantasy, Horror, Fiction, Young Adult, Middle Grade, Childrens, Audiobook, Paranormal, Classics, Mystery",176,752355
Dear John,"Nicholas Sparks, Nicholas Sparks",4.04,"Romance, Fiction, Chick Lit, Contemporary, Adult, Contemporary Romance, Young Adult, Adult Fiction, Drama, Love",276,611928
The Firm,"Robin Waterfield, John Grisham, Robin Waterfield",4.06,"Fiction, Thriller, Mystery, Crime, Suspense, Mystery Thriller, Legal Thriller, Novels, Law, Adult",76,633967
Zen and the Art of Motorcycle Maintenance: An Inquiry Into Values,"Robert M. Pirsig, Robert M. Pirsig",3.78,"Philosophy, Fiction, Classics, Spirituality, Travel, Psychology, Self Help, Literature, Unfinished, Religion",540,239804
The English Patient,"Michael Ondaatje, Michael Ondaatje",3.86,"Fiction, Historical Fiction, Classics, Romance, War, Historical, Canada, Literature, Literary Fiction, Novels",320,136581
Midnight’s Children,"Salman Rushdie, Salman Rushdie",3.98,"Fiction, Magical Realism, Classics, India, Historical Fiction, Fantasy, Literature, Novels, Literary Fiction, Indian Literature",647,129817
Like Water for Chocolate,"Laura Esquivel, Carol Christensen, Thomas Christensen, Laura Esquivel",3.95,"Fiction, Magical Realism, Romance, Historical Fiction, Classics, Fantasy, Spanish Literature, Book Club, Food, Adult",222,384452
Dragonfly in Amber,"Diana Gabaldon, Diana Gabaldon",4.34,"Historical Fiction, Romance, Fantasy, Fiction, Time Travel, Historical, Historical Romance, Audiobook, Adult, Scotland",947,375235
Midnight in the Garden of Good and Evil,"John Berendt, John Berendt",3.92,"Nonfiction, True Crime, Mystery, Book Club, Crime, History, Classics, Audiobook, Southern, Memoir",386,286440
A Streetcar Named Desire,"Tennessee Williams, Tennessee Williams",3.98,"Plays, Classics, Fiction, Drama, School, Theatre, Read For School, Literature, American, 20th Century",107,326306
My Ántonia,"Willa Cather, Willa Cather",3.84,"Fiction, Historical Fiction, Classics, Book Club, Literature, School, American, Historical, Novels, Audiobook",219,143732
Breakfast at Tiffany’s and Three Stories,"Truman Capote, Truman Capote",3.83,"Fiction, Short Stories, Classics, Romance, Book Club, Audiobook, American, Literature, New York, Novels",142,283944
Breakfast of Champions,"Kurt Vonnegut Jr., Kurt Vonnegut Jr.",4.06,"Fiction, Classics, Science Fiction, Humor, Literature, Novels, American, Audiobook, Literary Fiction, Book Club",303,272864
The Virgin Suicides,"Jeffrey Eugenides, Jeffrey Eugenides",3.79,"Fiction, Young Adult, Literary Fiction, Coming Of Age, Mental Health, Contemporary, Book Club, Novels, Literature, Adult",250,386650
The Prince,"Niccolò Machiavelli, Rufus Goodwin, Benjamin Martinez, Niccolò Machiavelli",3.84,"Philosophy, Classics, Nonfiction, Politics, History, Political Science, Literature, Italy, Italian Literature, School",144,366332
The Origin of Species,"Charles Darwin, Charles Darwin",4.01,"Science, Nonfiction, Classics, Biology, Evolution, History, Philosophy, Nature, Anthropology, Natural History",703,119418
A Fine Balance,"Rohinton Mistry, Rohinton Mistry",4.38,"Fiction, Historical Fiction, Book Club, Indian Literature, Literary Fiction, Historical, Asia, Canada, Novels, Literature",603,155656
A Feast for Crows,"George R.R. Martin, George R.R. Martin",4.17,"Fantasy, Fiction, Epic Fantasy, High Fantasy, Science Fiction Fantasy, Adult, Audiobook, Dragons, Adventure, Epic",1060,770844
Infinite Jest,"David Foster Wallace, David Foster Wallace",4.25,"Fiction, Classics, Literature, Novels, Contemporary, Humor, Literary Fiction, Unfinished, Philosophy, American",1088,97653
Death of a Salesman,"Arthur Miller, Arthur Miller",3.58,"Classics, Plays, Fiction, Drama, School, Theatre, Literature, Read For School, High School, American",144,250320
Flowers in the Attic,"V.C. Andrews, V.C. Andrews",3.85,"Fiction, Horror, Young Adult, Classics, Gothic, Mystery, Thriller, Romance, Drama, Audiobook",389,229611
Carrie,"Stephen King, Stephen King",3.99,"Horror, Fiction, Thriller, Classics, Fantasy, Paranormal, Supernatural, Adult, Horror Thriller, Audiobook",272,801851
Pippi Longstocking,"Astrid Lindgren, Michael Chesworth, Louis S. Glanzman, Astrid Lindgren",4.15,"Classics, Childrens, Fiction, Middle Grade, Fantasy, Young Adult, Humor, Adventure, Audiobook, Swedish Literature",160,205853
The Host,"Stephenie Meyer, Stephenie Meyer",3.86,"Fantasy, Young Adult, Science Fiction, Romance, Fiction, Dystopia, Paranormal, Aliens, Adult, Paranormal Romance",619,1035898
The Scarlet Pimpernel,"Emmuska Orczy, Emmuska Orczy",4.07,"Classics, Historical Fiction, Fiction, Adventure, Historical, Mystery, Book Club, France, Literature, Audiobook",182,139410
Persuasion,"Jane Austen, Deidre Shauna Lynch, James Kinsley, Jane Austen",4.15,"Fiction, Classics, Historical Fiction, Audiobook, Historical, Literature, Book Club, 19th Century, Historical Romance, Classic Literature",249,744730
I Know Why the Caged Bird Sings,"Maya Angelou, Maya Angelou",4.3,"Nonfiction, Classics, Memoir, Biography, Autobiography, Poetry, Feminism, Book Club, Banned Books, Biography Memoir",289,562206
"The Devil in the White City: Murder, Magic, and Madness at the Fair That Changed America","Erik Larson, Erik Larson",4.0,"Nonfiction, History, True Crime, Book Club, Crime, Historical, Mystery, Audiobook, American History, Biography",464,731335
Jonathan Strange & Mr Norrell,"Susanna Clarke, Susanna Clarke",3.87,"Fantasy, Fiction, Historical Fiction, Historical, Magic, Audiobook, Science Fiction Fantasy, Alternate History, Magical Realism, Historical Fantasy",1006,247713
Artemis Fowl,"Eoin Colfer, Eoin Colfer",3.86,"Fantasy, Young Adult, Fiction, Middle Grade, Childrens, Science Fiction, Adventure, Magic, Audiobook, Urban Fantasy",396,557049
Northanger Abbey,"Jane Austen, Alfred Mac Adam, Jane Austen",3.85,"Classics, Fiction, Gothic, Historical Fiction, Literature, Audiobook, Historical, 19th Century, British Literature, Classic Literature",260,433471
"Faust, First Part","Johann Wolfgang von Goethe, Peter Salm, Johann Wolfgang von Goethe",3.86,"Fiction, Plays, Poetry, German Literature, Literature, Classics, Drama, Philosophy, School, Fantasy",327,130149
The Angel Experiment,"James Patterson, James Patterson",4.07,"Young Adult, Fantasy, Science Fiction, Fiction, Adventure, Paranormal, Action, Teen, Mystery, Urban Fantasy",445,229597
High Fidelity,"Nick Hornby, Nick Hornby",3.9,"Fiction, Music, Contemporary, Humor, Romance, Novels, British Literature, Literature, Comedy, Classics",323,210307
The Shipping News,"Annie Proulx, Annie Proulx",3.88,"Fiction, Book Club, Contemporary, Canada, Literary Fiction, Literature, Classics, Novels, American, Adult Fiction",337,149626
The Chosen,"Chaim Potok, Chaim Potok",4.07,"Fiction, Classics, Historical Fiction, Young Adult, Jewish, Religion, Book Club, School, Judaism, Literature",304,95858
Night,"Elie Wiesel, Marion Wiesel, François Mauriac, Elie Wiesel",4.38,"Nonfiction, Classics, History, Memoir, School, Holocaust, Biography, Historical, War, World War II",120,1321190
Shantaram,"Gregory David Roberts, Gregory David Roberts",4.28,"Fiction, Travel, Adventure, Historical Fiction, Contemporary, Novels, Book Club, Audiobook, Crime, Unfinished",936,230846
Waiting for Godot,"Samuel Beckett, Samuel Beckett",3.84,"Plays, Classics, Fiction, Drama, Theatre, Literature, Philosophy, School, Irish Literature, France",109,215045
The Haunting of Hill House,"Shirley Jackson, Laura Miller, Shirley Jackson",3.82,"Fiction, Gothic, Mystery, Paranormal, Classics, Audiobook, Thriller, Book Club, Ghosts, Adult",182,356226
Nineteen Minutes,"Jodi Picoult, Jodi Picoult",4.17,"Fiction, Contemporary, Book Club, Drama, Adult, Chick Lit, Young Adult, Adult Fiction, Realistic Fiction, Banned Books",440,402128
The Voyage of the Dawn Treader,"C.S. Lewis, Pauline Baynes, C.S. Lewis",4.09,"Fantasy, Fiction, Young Adult, Childrens, Adventure, Christian, Middle Grade, Classics, Christian Fiction, Audiobook",248,493719
To the Lighthouse,"Virginia Woolf, Eudora Welty, Virginia Woolf",3.81,"Classics, Fiction, Literature, Novels, Literary Fiction, Feminism, 20th Century, British Literature, Book Club, School",209,203740
Emma,"Jane Austen, Fiona Stafford, Jane Austen",4.05,"Fiction, Historical Fiction, Literature, Audiobook, Historical, 19th Century, Classic Literature, Novels, Book Club, British Literature",474,939244
Redeeming Love,"Francine Rivers, Francine Rivers",4.51,"Romance, Christian, Christian Fiction, Fiction, Historical Fiction, Historical, Historical Romance, Book Club, Faith, Christian Romance",479,354438
"I, Robot","Isaac Asimov, Isaac Asimov",4.21,"Science Fiction, Fiction, Classics, Short Stories, Science Fiction Fantasy, Fantasy, Audiobook, Robots, Novels, Book Club",224,366367
The Reader,"Bernhard Schlink, Carol Brown Janeway, Bernhard Schlink",3.78,"Fiction, Historical Fiction, Classics, German Literature, Romance, Holocaust, Historical, Book Club, Germany, War",216,223938
The Return of the King,"J.R.R. Tolkien, J.R.R. Tolkien, Veronica Henry",4.58,"Fantasy, Fiction, Adventure, High Fantasy, Audiobook, Epic Fantasy, Science Fiction Fantasy, Novels, Literature, Adult",385,990193
A Christmas Carol,"Charles Dickens, Joe L. Wheeler, Charles Dickens",4.09,"Fiction, Christmas, Classics, Fantasy, Audiobook, Literature, Historical Fiction, Holiday, School, Book Club",184,889168
The Age of Innocence,"Edith Wharton, Maureen Howard, Edith Wharton",3.97,"Classics, Fiction, Historical Fiction, Romance, Literature, Book Club, American, Historical, Audiobook, Novels",293,187566
Dubliners,"James Joyce, Terence Brown, Jeri Johnson, James Joyce",3.84,"Classics, Fiction, Short Stories, Ireland, Literature, Irish Literature, 20th Century, Historical Fiction, Literary Fiction, School",352,167893
The Waste Land,"T.S. Eliot, Michael North, T.S. Eliot",4.11,"Poetry, Classics, Fiction, Literature, 20th Century, School, American, College, Read For School, Nobel Prize",288,57283
The Republic,"Plato, Desmond Lee, Plato",3.96,"Philosophy, Classics, Nonfiction, Politics, History, School, Literature, Ancient, Political Science, Greece",416,217725
Angels & Demons,"Dan Brown, Dan Brown",3.95,"Fiction, Mystery, Thriller, Mystery Thriller, Suspense, Adventure, Crime, Historical Fiction, Novels, Adult",736,3324069
The Twilight Collection,"Stephenie Meyer, Stephenie Meyer",3.82,"Fantasy, Young Adult, Romance, Vampires, Fiction, Paranormal, Paranormal Romance, Supernatural, Teen, Urban Fantasy",1690,47076
Voyager,"Diana Gabaldon, Diana Gabaldon",4.39,"Historical Fiction, Romance, Fantasy, Fiction, Time Travel, Historical, Historical Romance, Audiobook, Adult, Scotland",870,323128
The Jungle,"Upton Sinclair, Earl Lee, Kathleen De Grave, Upton Sinclair",3.78,"Classics, Fiction, Historical Fiction, Literature, Politics, School, Banned Books, Novels, Historical, Classic Literature",335,151249
Lover Awakened,"J.R. Ward, J.R. Ward",4.43,"Romance, Paranormal, Vampires, Paranormal Romance, Fantasy, Urban Fantasy, Adult, Fiction, Supernatural, Audiobook",434,185431
Betrayed,"P.C. Cast, Kristin Cast, P.C. Cast",3.92,"Young Adult, Fantasy, Vampires, Paranormal, Romance, Fiction, Supernatural, Urban Fantasy, Paranormal Romance, Magic",310,276642
The Bad Beginning,"Lemony Snicket, Brett Helquist, Lemony Snicket",4.02,"Fiction, Fantasy, Young Adult, Childrens, Middle Grade, Mystery, Adventure, Audiobook, Humor, Classics",162,554084
Divine Secrets of the Ya-Ya Sisterhood,"Rebecca Wells, Rebecca Wells",3.86,"Fiction, Chick Lit, Book Club, Contemporary, Adult Fiction, Historical Fiction, Southern, Adult, Humor, Novels",383,564267
Me Talk Pretty One Day,"David Sedaris, David Sedaris",4.01,"Nonfiction, Memoir, Essays, Short Stories, Comedy, Humor, Audiobook, Biography, Book Club, Biography Memoir",272,711760
The Pearl,"John Steinbeck, John Steinbeck",3.55,"Fiction, Literature, School, Historical Fiction, American, Novels, Read For School, Short Stories, Novella, Classic Literature",96,258008
The Last Battle,"C.S. Lewis, C.S. Lewis",4.01,"Fantasy, Fiction, Classics, Young Adult, Childrens, Christian, Adventure, Middle Grade, Christian Fiction, Audiobook",288,294867
Snow Falling on Cedars,"David Guterson, David Guterson",3.86,"Fiction, Historical Fiction, Mystery, Book Club, Historical, Literary Fiction, Classics, Literature, Novels, Romance",460,191679
"I, Claudius","Robert Graves, Robert Graves",4.25,"Historical Fiction, Fiction, Classics, Historical, Literature, Novels, Italy, Audiobook, Ancient History, British Literature",469,73785
The Exorcist,"William Peter Blatty, William Peter Blatty",4.21,"Horror, Fiction, Classics, Thriller, Paranormal, Supernatural, Fantasy, Audiobook, Religion, Horror Thriller",385,255502
The Two Towers,"J.R.R. Tolkien, J.R.R. Tolkien",4.5,"Fantasy, Fiction, Adventure, High Fantasy, Audiobook, Epic Fantasy, Science Fiction Fantasy, Novels, Literature, Magic",447,1067705
Everything is Illuminated,"Jonathan Safran Foer, Jonathan Safran Foer",3.89,"Fiction, Historical Fiction, Contemporary, Novels, Book Club, Magical Realism, Literary Fiction, Literature, Jewish, Holocaust",276,182375
Sense and Sensibility,"Jane Austen, Ros Ballaster, Джейн Остин, Jane Austen",4.09,"Classics, Fiction, Romance, Historical Fiction, Literature, Historical, Audiobook, Classic Literature, 19th Century, Novels",409,1253796
A Room with a View,"E.M. Forster, E.M. Forster",3.9,"Classics, Fiction, Romance, Historical Fiction, Italy, Literature, British Literature, Book Club, Audiobook, 20th Century",119,194976
The War of the Worlds,"H.G. Wells, Arthur C. Clarke, H.G. Wells",3.83,"Science Fiction, Fiction, Classics, Fantasy, Audiobook, Horror, Science Fiction Fantasy, Literature, Novels, Aliens",192,336415
Bleak House,"Charles Dickens, Nicola Bradbury, Hablot Knight Browne, Charles Dickens",4.02,"Classics, Fiction, Literature, 19th Century, Historical Fiction, Victorian, British Literature, Novels, Audiobook, Classic Literature",1017,111914
World War Z: An Oral History of the Zombie War,"Max Brooks, Max Brooks",4.02,"Horror, Fiction, Zombies, Science Fiction, Fantasy, Post Apocalyptic, Audiobook, Dystopia, Apocalyptic, War",342,552063
Chosen,"P.C. Cast, Kristin Cast, P.C. Cast",3.91,"Young Adult, Vampires, Fantasy, Paranormal, Romance, Fiction, Supernatural, Urban Fantasy, Paranormal Romance, Magic",307,251681
The Complete Poems of Emily Dickinson,"Emily Dickinson, Thomas H. Johnson, Mabel Loomis Todd, Emily Dickinson",4.28,"Poetry, Classics, Fiction, Literature, 19th Century, American, Classic Literature, Feminism, School, Womens",716,104269
Unwind,"Neal Shusterman, Neal Shusterman",4.17,"Young Adult, Dystopia, Science Fiction, Fiction, Fantasy, Horror, Thriller, Teen, Book Club, Adventure",337,242542
انتحار فاشل,"أحمد جمال الدين رمضان, أحمد جمال الدين رمضان",4.55,"Short Stories, Fiction, Literature, Novels, Anthologies, Collections",175,3286
Brideshead Revisited,"Evelyn Waugh, Evelyn Waugh",4.0,"Fiction, Historical Fiction, Classics, Literature, Novels, Dark Academia, British Literature, LGBT, Book Club, Literary Fiction",351,122007
North and South,"Elizabeth Gaskell, Elizabeth Gaskell",4.15,"Fiction, Romance, Historical Fiction, Classics, Historical, 19th Century, Victorian, Audiobook, Literature, Historical Romance",521,178137
The Woman in White,"Wilkie Collins, Matthew Sweet, Wilkie Collins",4.01,"Classics, Mystery, Gothic, Horror, 19th Century, Victorian, Historical Fiction, Literature, Audiobook, Book Club",672,161475
Macbeth,"William Shakespeare, Folger Shakespeare Library, Barbara A. Mowat, William Shakespeare",3.89,"Classics, Plays, Fiction, School, Drama, Read For School, Literature, Theatre, Poetry, High School",249,979748
The God Delusion,"Richard Dawkins, Richard Dawkins",3.9,"Nonfiction, Religion, Science, Philosophy, Atheism, Audiobook, Psychology, Spirituality, Theology, Evolution",374,277660
العصبي,"أحمد جمال الدين رمضان, أحمد جمال الدين رمضان",4.59,"Short Stories, Fiction, Literature, Novels, Anthologies",165,2870
Of Human Bondage,"W. Somerset Maugham, Maeve Binchy, Benjamin DeMott, W. Somerset Maugham",4.15,"Fiction, Classics, Literature, Novels, Romance, British Literature, Literary Fiction, 20th Century, Coming Of Age, Classic Literature",684,59825
2001: A Space Odyssey,"Arthur C. Clarke, Arthur C. Clarke",4.17,"Science Fiction, Fiction, Classics, Audiobook, Science Fiction Fantasy, Space, Fantasy, Novels, Literature, Speculative Fiction",297,328010
The Witching Hour,"Anne Rice, Anne Rice",4.1,"Horror, Fantasy, Fiction, Paranormal, Witches, Supernatural, Gothic, Urban Fantasy, Magic, Historical Fiction",1216,122060
Vanity Fair,"William Makepeace Thackeray, John Carey, William Makepeace Thackeray",3.81,"Classics, Fiction, Historical Fiction, Literature, 19th Century, Romance, British Literature, Victorian, Classic Literature, Historical",867,131411
Wizard's First Rule,"Terry Goodkind, Terry Goodkind",4.12,"Fantasy, Fiction, Epic Fantasy, High Fantasy, Science Fiction Fantasy, Magic, Adventure, Romance, Adult, Audiobook",836,251223
The Left Hand of Darkness,"Ursula K. Le Guin, Ursula K. Le Guin",4.1,"Science Fiction, Fiction, Fantasy, Classics, Book Club, Science Fiction Fantasy, Queer, Speculative Fiction, Feminism, Audiobook",304,205058
Johnny Got His Gun,"Dalton Trumbo, Ron Kovic, Dalton Trumbo",4.21,"Fiction, Classics, War, Historical Fiction, Horror, Literature, Novels, Historical, World War I, Politics",309,46832
Far From the Madding Crowd,"Thomas Hardy, Rosemarie Morgan, Shannon Russell, Thomas Hardy",3.97,"Classics, Fiction, Romance, Historical Fiction, Literature, 19th Century, Victorian, Audiobook, Book Club, British Literature",433,161513
Much Ado About Nothing,"William Shakespeare, Paul Werstine, Gail Kern Paster, William Shakespeare",4.06,"Plays, Fiction, Classics, Romance, School, Literature, Poetry, Humor, Comedy, Read For School",249,253355
Cannery Row,"John Steinbeck, John Steinbeck",4.06,"Fiction, Classics, Literature, Historical Fiction, American, Novels, Book Club, Literary Fiction, Audiobook, Classic Literature",181,147612
Anne of Avonlea,"L.M. Montgomery, L.M. Montgomery",4.23,"Fiction, Young Adult, Historical Fiction, Classics, Childrens, Audiobook, Romance, Historical, Canada, Middle Grade",276,215762
"Cry, the Beloved Country","Alan Paton, Alan Paton",3.92,"Fiction, Classics, Historical Fiction, South Africa, Book Club, Literature, School, Novels, Historical, Read For School",316,78004
Little House on the Prairie,"Laura Ingalls Wilder, Garth Williams, Laura Ingalls Wilder",4.21,"Classics, Historical Fiction, Childrens, Fiction, Young Adult, Historical, Middle Grade, Juvenile, Audiobook, Family",335,297950
Are You My Mother?,"P.D. Eastman, P.D. Eastman",4.22,"Childrens, Fiction, Picture Books, Animals, Classics, Family, Kids, Humor, Young Adult, Juvenile",64,249477
The Polar Express,"Chris Van Allsburg, Chris Van Allsburg",4.32,"Picture Books, Childrens, Christmas, Fiction, Classics, Fantasy, Holiday, Adventure, Kids, Juvenile",32,245811
Sarah's Key,"Tatiana de Rosnay, Tatiana de Rosnay",4.18,"Historical Fiction, Fiction, Book Club, Holocaust, Historical, World War II, France, War, Adult, Adult Fiction",294,487398
Hyperion,"Dan Simmons, Dan Simmons",4.27,"Science Fiction, Fiction, Fantasy, Space Opera, Audiobook, Science Fiction Fantasy, Horror, Classics, Time Travel, Space",500,280876
Little House in the Big Woods,"Laura Ingalls Wilder, Garth Williams, Laura Ingalls Wilder",4.21,"Classics, Historical Fiction, Childrens, Fiction, Young Adult, Historical, Middle Grade, Audiobook, Juvenile, Family",224,280370
Into Thin Air: A Personal Account of the Mt. Everest Disaster,"Jon Krakauer, Jon Krakauer",4.25,"Nonfiction, Adventure, Memoir, Travel, Biography, History, Survival, Audiobook, Mountaineering, Book Club",368,543474
A Great and Terrible Beauty,"Libba Bray, Libba Bray",3.8,"Fantasy, Young Adult, Historical Fiction, Fiction, Historical, Paranormal, Romance, Magic, Young Adult Fantasy, Teen",403,224801
The Horse and His Boy,"C.S. Lewis, C.S. Lewis",3.91,"Fantasy, Fiction, Young Adult, Childrens, Christian, Adventure, Middle Grade, Classics, Audiobook, Christian Fiction",224,377711
Chocolat,"Joanne Harris, Joanne Harris",3.96,"Fiction, Romance, Magical Realism, France, Fantasy, Contemporary, Historical Fiction, Food, Book Club, Chick Lit",306,129078
Halfway to the Grave,"Jeaniene Frost, Jeaniene Frost",4.13,"Paranormal, Vampires, Urban Fantasy, Romance, Fantasy, Paranormal Romance, Adult, Audiobook, Fiction, Supernatural",374,162361
Sabriel,"Garth Nix, Garth Nix",4.17,"Fantasy, Young Adult, Fiction, Magic, Audiobook, High Fantasy, Young Adult Fantasy, Adventure, Science Fiction Fantasy, Teen",491,214688
The Westing Game,"Ellen Raskin, Ellen Raskin",4.0,"Mystery, Fiction, Young Adult, Middle Grade, Classics, Childrens, Mystery Thriller, School, Audiobook, Book Club",182,226594
The Art of War,"Sun Tzu, Thomas Cleary, Sun Tzu",3.95,"Classics, Nonfiction, Philosophy, History, War, Politics, Business, Military Fiction, Audiobook, China",170,542081
Just Listen,"Sarah Dessen, Sarah Dessen",4.05,"Young Adult, Romance, Contemporary, Fiction, Realistic Fiction, Chick Lit, Teen, Music, Young Adult Contemporary, High School",371,249333
No Country for Old Men,"Cormac McCarthy, Cormac McCarthy",4.16,"Fiction, Thriller, Westerns, Crime, Mystery, Literature, Novels, Audiobook, Literary Fiction, Contemporary",309,228156
Three Cups of Tea: One Man's Mission to Promote Peace ... One School at a Time,"Greg Mortenson, David Oliver Relin, Greg Mortenson",3.66,"Nonfiction, Book Club, Memoir, Biography, Travel, Education, Biography Memoir, Pakistan, History, Inspirational",349,358471
Swann’s Way,"Marcel Proust, Lydia Davis, Marcel Proust",4.15,"Fiction, France, Literature, French Literature, Novels, Philosophy, 20th Century, Literary Fiction, Unfinished, Audiobook",468,65267
The Truth About Forever,"Sarah Dessen, Sarah Dessen",4.12,"Young Adult, Romance, Contemporary, Fiction, Chick Lit, Realistic Fiction, Teen, Young Adult Contemporary, Young Adult Romance, High School",374,225165
Trainspotting,"Irvine Welsh, Irvine Welsh",4.11,"Fiction, Contemporary, Classics, Scotland, Novels, Crime, Literature, British Literature, Thriller, 20th Century",431,173811
Twelfth Night,"William Shakespeare, Folger Shakespeare Library, Barbara A. Mowat, William Shakespeare",3.96,"Plays, Fiction, Classics, School, Romance, Literature, Poetry, Read For School, Comedy, Theatre",272,190680
The Goose Girl,"Shannon Hale, Shannon Hale",4.14,"Fantasy, Young Adult, Romance, Fiction, Fairy Tales, Retellings, Middle Grade, Adventure, Childrens, Magic",383,146787
Lady Chatterley’s Lover,"D.H. Lawrence, D.H. Lawrence",3.5,"Fiction, Romance, Classics, Literature, Banned Books, Historical Fiction, Novels, Erotica, Book Club, British Literature",376,133275
Nine Stories,"J.D. Salinger, J.D. Salinger",4.18,"Short Stories, Fiction, Classics, Literature, American, 20th Century, Literary Fiction, The United States Of America, Novels, Book Club",302,152067
I Capture the Castle,"Dodie Smith, Dodie Smith",3.99,"Classics, Fiction, Young Adult, Historical Fiction, Romance, Book Club, Coming Of Age, Historical, British Literature, Audiobook",408,111018
The Bronze Horseman,"Paullina Simons, Paullina Simons",4.29,"Historical Fiction, Romance, Historical, Historical Romance, Fiction, War, Russia, Adult, World War II, Book Club",637,91552
Dead to the World,"Charlaine Harris, Charlaine Harris",4.12,"Fantasy, Vampires, Paranormal, Urban Fantasy, Romance, Fiction, Mystery, Paranormal Romance, Supernatural, Adult",291,264693
Speaker for the Dead,"Orson Scott Card, Orson Scott Card",4.11,"Science Fiction, Fiction, Fantasy, Science Fiction Fantasy, Young Adult, Audiobook, Space, Aliens, Space Opera, Novels",382,265499
The Last Unicorn,"Peter S. Beagle, Patrick Rothfuss, Peter S. Beagle",4.16,"Fantasy, Fiction, Young Adult, Classics, Childrens, Adventure, Science Fiction Fantasy, Magic, Unicorns, High Fantasy",294,118040
You Are Special,"Max Lucado, Max Lucado",4.45,"Picture Books, Childrens, Christian, Fiction, Religion, Inspirational, Christian Fiction, Christianity, Fantasy, Faith",32,53304
Demian,"Hermann Hesse, Thomas Mann, Hermann Hesse",4.14,"Fiction, Philosophy, German Literature, Literature, Novels, Germany, Coming Of Age, 20th Century, Literary Fiction, Psychology",193,126924
The Hours,"Michael Cunningham, Michael Cunningham",3.95,"Fiction, Historical Fiction, Contemporary, Literary Fiction, LGBT, Book Club, Classics, Novels, Queer, Literature",230,145966
The Arabian Nights,"Anonymous, A.S. Byatt, Richard Francis Burton, Anonymous",4.03,"Classics, Fiction, Fantasy, Short Stories, Literature, Mythology, Fairy Tales, Adventure, Classic Literature, Folklore",1049,79993
Cyrano de Bergerac,"Edmond Rostand, Lowell Bair, Eteel Lawson, Edmond Rostand",4.06,"Classics, Plays, Fiction, Drama, France, Romance, Theatre, School, Historical Fiction, Literature",240,88602
Acheron,"Sherrilyn Kenyon, Sherrilyn Kenyon",4.56,"Paranormal Romance, Paranormal, Romance, Fantasy, Vampires, Urban Fantasy, Mythology, Adult, Fiction, Demons",723,61112
Julius Caesar,"William Shakespeare, Harold Bloom, Roma Gill, William Shakespeare",3.71,"Plays, Fiction, Drama, School, Classics, Historical Fiction, Read For School, Literature, High School, Poetry",175,213951
World Without End,"Ken Follett, Ken Follett",4.32,"Historical Fiction, Fiction, Historical, Audiobook, Medieval, British Literature, Fantasy, Novels, Romance, Adult",1237,266300
The Glass Menagerie,"Tennessee Williams, Robert Bray, Tennessee Williams",3.73,"Plays, Classics, Fiction, Drama, School, Theatre, Literature, Read For School, High School, American",104,139468
A Wizard of Earthsea,"Ursula K. Le Guin, Ursula K. Le Guin",4.01,"Fantasy, Fiction, Young Adult, Science Fiction Fantasy, Audiobook, Magic, High Fantasy, Science Fiction, Adventure, Classics",183,343436
The Glass Castle,"Jeannette Walls, Jeannette Walls",4.32,"Nonfiction, Memoir, Book Club, Biography, Biography Memoir, Autobiography, Audiobook, Adult, School, Classics",288,1309785
We Need to Talk About Kevin,"Lionel Shriver, Lionel Shriver",4.08,"Fiction, Book Club, Thriller, Contemporary, Horror, Crime, Drama, Literary Fiction, Psychology, Adult",400,205455
The Holy Bible: King James Version,"Anonymous, Anonymous",4.44,"Classics, Nonfiction, Christian, Religion, Philosophy, Christianity, History, Reference, Spirituality, Theology",1590,305615
The Silver Chair,"C.S. Lewis, Pauline Baynes, C.S. Lewis",3.96,"Fantasy, Fiction, Young Adult, Childrens, Christian, Adventure, Middle Grade, Classics, Christian Fiction, Audiobook",243,318942
Interpreter of Maladies,"Jhumpa Lahiri, Jhumpa Lahiri",4.18,"Short Stories, Fiction, Book Club, Contemporary, Literary Fiction, Literature, Indian Literature, School, Audiobook, Adult",198,201519
P.S. I Love You,"Cecelia Ahern, Cecelia Ahern",4.04,"Romance, Chick Lit, Fiction, Contemporary, Adult, Contemporary Romance, Love, Drama, Ireland, Adult Fiction",501,391735
The Bean Trees,"Barbara Kingsolver, Barbara Kingsolver",4.01,"Fiction, Book Club, Contemporary, Literary Fiction, Classics, Novels, Adult Fiction, Adult, School, Audiobook",232,167077
Wicked Lovely,"Melissa Marr, Melissa Marr",3.7,"Fantasy, Young Adult, Romance, Urban Fantasy, Fae, Fairies, Fiction, Paranormal Romance, Magic, Young Adult Fantasy",328,165529
Guards! Guards!,"Terry Pratchett, Terry Pratchett",4.34,"Fantasy, Fiction, Humor, Comedy, Audiobook, Dragons, Science Fiction Fantasy, Magic, High Fantasy, Novels",376,225823
A Brief History of Time,"Stephen Hawking, Stephen Hawking",4.21,"Science, Nonfiction, Physics, History, Astronomy, Classics, Philosophy, Popular Science, Audiobook, Space",226,461897
The Merchant of Venice,"William Shakespeare, Barbara A. Mowat, Paul Werstine, William Shakespeare",3.78,"Classics, Plays, Fiction, Drama, School, Literature, Theatre, Poetry, Read For School, Classic Literature",249,197746
Prince Caspian,"C.S. Lewis, C.S. Lewis",3.98,"Fantasy, Fiction, Classics, Young Adult, Childrens, Middle Grade, Adventure, Christian, Audiobook, Christian Fiction",240,467969
The Secret,"Rhonda Byrne, Rhonda Byrne",3.74,"Self Help, Nonfiction, Spirituality, Psychology, Personal Development, Philosophy, Inspirational, Audiobook, Business, New Age",199,514535
The Eyre Affair,"Jasper Fforde, Jasper Fforde",3.88,"Fantasy, Fiction, Mystery, Science Fiction, Humor, Books About Books, Time Travel, Book Club, Audiobook, Alternate History",374,135535
All the King's Men,"Robert Penn Warren, Joseph Blotner, Robert Penn Warren",4.09,"Fiction, Classics, Historical Fiction, Politics, Literature, Novels, Book Club, Literary Fiction, American, Southern",439,65391
The Bluest Eye,"Toni Morrison, Toni Morrison",4.13,"Fiction, Classics, Historical Fiction, Banned Books, Race, African American, Book Club, Literary Fiction, Literature, Novels",216,281844
One Day in the Life of Ivan Denisovich,"Aleksandr Solzhenitsyn, Ronald Hingley, H.T. Willetts, Aleksandr Solzhenitsyn",3.98,"Fiction, Classics, Russia, Historical Fiction, Russian Literature, Literature, Novels, Historical, 20th Century, School",182,121073
Gravity’s Rainbow,"Thomas Pynchon, Thomas Pynchon",4.01,"Fiction, Classics, Literature, Science Fiction, Historical Fiction, Novels, American, War, Literary Fiction, Unfinished",776,46481
Lover Eternal,"J.R. Ward, J.R. Ward",4.32,"Romance, Paranormal, Vampires, Paranormal Romance, Fantasy, Urban Fantasy, Adult, Fiction, Supernatural, Audiobook",441,198253
Starship Troopers,"Robert A. Heinlein, Robert A. Heinlein",4.01,"Science Fiction, Fiction, Classics, Military Fiction, War, Science Fiction Fantasy, Audiobook, Space Opera, Fantasy, Space",264,239857
The Queen of the Damned,"Anne Rice, Anne Rice",3.92,"Horror, Fantasy, Vampires, Fiction, Paranormal, Supernatural, Urban Fantasy, Gothic, Adult, Science Fiction Fantasy",448,158518
Poison Study,"Maria V. Snyder, Maria V. Snyder",4.09,"Fantasy, Young Adult, Romance, Magic, Fiction, Young Adult Fantasy, High Fantasy, Paranormal, Fantasy Romance, Adventure",427,172962
Foucault’s Pendulum,"Umberto Eco, William Weaver, Umberto Eco",3.91,"Fiction, Historical Fiction, Mystery, Literature, Classics, Italian Literature, Thriller, Philosophy, Italy, Novels",623,73189
Seabiscuit: An American Legend,"Laura Hillenbrand, Laura Hillenbrand",4.23,"Nonfiction, History, Biography, Sports, Animals, Book Club, Horses, Historical, Audiobook, Biography Memoir",457,166471
Twenty Thousand Leagues Under the Sea,"Jules Verne, Anthony Bonner, Jules Verne",3.89,"Classics, Science Fiction, Fiction, Adventure, Fantasy, France, Audiobook, Literature, Steampunk, Novels",269,268139
The Bourne Identity,"Robert Ludlum, Robert Ludlum",4.05,"Fiction, Thriller, Mystery, Espionage, Suspense, Action, Mystery Thriller, Adventure, Crime, Spy Thriller",566,438222
House of Leaves,"Mark Z. Danielewski, Mark Z. Danielewski",4.09,"Horror, Fiction, Fantasy, Mystery, Thriller, Contemporary, Novels, Adult, Paranormal, Book Club",710,188219
Assassin's Apprentice,"Robin Hobb, Robin Hobb",4.19,"Fantasy, Fiction, High Fantasy, Epic Fantasy, Audiobook, Adult, Magic, Adventure, Science Fiction Fantasy, Young Adult",435,368385
Peace Like a River,"Leif Enger, Leif Enger",4.02,"Fiction, Book Club, Historical Fiction, Literary Fiction, Coming Of Age, Novels, Adult Fiction, Adult, Audiobook, Contemporary",312,98070
The Night Before Christmas,"Clement Clarke Moore, Jan Brett, Clement Clarke Moore",4.4,"Christmas, Childrens, Picture Books, Classics, Poetry, Fiction, Holiday, Fantasy, Short Stories, Kids",32,126127
The Memory Keeper's Daughter,"Kim Edwards, Kim Edwards",3.7,"Fiction, Book Club, Contemporary, Historical Fiction, Adult Fiction, Adult, Drama, Chick Lit, Novels, Family",401,607892
Mythology,"Edith Hamilton, Steele Savage, Edith Hamilton",4.03,"Mythology, Classics, Nonfiction, History, Greek Mythology, Reference, Religion, School, Literature, Short Stories",497,58431
A People’s History of the United States: 1492 - Present,"Howard Zinn, Howard Zinn",4.08,"History, Nonfiction, Politics, American History, Historical, Audiobook, Social Justice, Classics, The United States Of America, American",729,257128
City of Ashes,"Cassandra Clare, Cassandra Clare",4.11,"Fantasy, Young Adult, Romance, Paranormal, Urban Fantasy, Fiction, Vampires, Supernatural, Young Adult Fantasy, Magic",453,974911
Oedipus Rex,"Sophocles, J.E. Thomas, Elizabeth Osborne, Sophocles",3.72,"Classics, Plays, Fiction, Drama, School, Mythology, Read For School, Theatre, Literature, High School",75,230164
The History of Love,"Nicole Krauss, Nicole Krauss",3.92,"Fiction, Book Club, Historical Fiction, Romance, Contemporary, Literary Fiction, Novels, Adult Fiction, Adult, Love",255,138751
The Iliad,"Homer, Robert Fagles, Bernard Knox, Homer",3.92,"Classics, Poetry, Fiction, Mythology, Literature, Fantasy, Historical Fiction, Greek Mythology, School, War",614,487585
Native Son,"Richard Wright, Richard Wright",4.04,"Fiction, Classics, Historical Fiction, Race, African American, Literature, Banned Books, Novels, School, American",504,102464
The Talisman,"Stephen King, Peter Straub, Stephen King",4.11,"Horror, Fantasy, Fiction, Thriller, Audiobook, Adventure, Mystery, Supernatural, Paranormal, Science Fiction",656,137021
Oryx and Crake,"Margaret Atwood, Margaret Atwood",4.01,"Fiction, Science Fiction, Dystopia, Post Apocalyptic, Fantasy, Audiobook, Book Club, Speculative Fiction, Canada, Science Fiction Fantasy",389,279792
The Killer Angels,"Michael Shaara, Michael Shaara",4.33,"Historical Fiction, Fiction, Civil War, War, Historical, Military Fiction, Classics, American History, Book Club, American Civil War",345,89739
The Yellow Wallpaper and Other Stories,"Charlotte Perkins Gilman, Charlotte Perkins Gilman",4.08,"Classics, Short Stories, Fiction, Horror, Feminism, Gothic, Mental Health, School, Audiobook, Literature",129,330287
Left Behind,"Tim LaHaye, Jerry B. Jenkins, Tim LaHaye",3.86,"Fiction, Christian, Christian Fiction, Fantasy, Religion, Thriller, Christianity, Science Fiction, Dystopia, Apocalyptic",470,242359
The Fiery Cross,"Diana Gabaldon, Diana Gabaldon",4.26,"Historical Fiction, Romance, Fantasy, Fiction, Time Travel, Historical, Historical Romance, Audiobook, Adult, Adventure",1443,221370
If on a Winter’s Night a Traveler,"Italo Calvino, William Weaver, Italo Calvino",4.02,"Fiction, Classics, Italian Literature, Magical Realism, Literature, Italy, Novels, Literary Fiction, Books About Books, Book Club",260,106721
Gone,"Michael Grant, Michael Grant",3.87,"Young Adult, Dystopia, Fantasy, Science Fiction, Fiction, Paranormal, Romance, Adventure, Teen, Supernatural",560,207512
I Am Legend and Other Stories,"Richard Matheson, Richard Matheson",4.0,"Horror, Fiction, Science Fiction, Vampires, Short Stories, Fantasy, Post Apocalyptic, Classics, Dystopia, Audiobook",317,134630
Watchers,"Dean Koontz, Dean Koontz",4.19,"Horror, Fiction, Thriller, Mystery, Science Fiction, Suspense, Fantasy, Audiobook, Mystery Thriller, Dogs",624,169176
